idAcount;money
1;7216
2;9768
3;10509
4;1016
5;6941
6;8436
7;3984
8;1954
9;2468
10;2036
11;1178
12;10198
13;5853
14;10401
15;5030
16;1562
17;4583
18;10216
19;5200
20;10495
21;3803
22;8176
23;1094
24;3857
25;8337
26;10608
27;1026
28;9009
29;7608
30;3817
31;1893
32;7000
33;4740
34;9565
35;4197
36;4283
37;10984
38;9790
39;5785
40;2367
41;5626
42;5971
43;6539
44;2769
45;5524
46;10946
47;7685
48;4393
49;3699
50;8152
51;4882
52;3273
53;4279
54;7246
55;9957
56;2394
57;8741
58;6190
59;8716
60;9928
61;5371
62;7564
63;10981
64;3301
65;8043
66;7313
67;10976
68;1248
69;6365
70;2770
71;1798
72;1042
73;8624
74;6284
75;8430
76;5558
77;1155
78;6475
79;5863
80;3642
81;9071
82;1148
83;9853
84;8280
85;3751
86;7374
87;4265
88;1584
89;5269
90;6245
91;1016
92;5563
93;10909
94;4090
95;4005
96;4620
97;3228
98;5125
99;8813
100;6025
101;10811
102;7367
103;5977
104;5392
105;4431
106;4198
107;8325
108;3180
109;5402
110;10373
111;4769
112;7881
113;7759
114;5455
115;9954
116;8681
117;2602
118;9113
119;6718
120;3285
121;7711
122;1090
123;8680
124;4103
125;1742
126;1748
127;4781
128;8705
129;1322
130;3258
131;8299
132;4050
133;5423
134;10082
135;3968
136;2994
137;9438
138;3922
139;8500
140;5462
141;8131
142;5860
143;2956
144;6199
145;1711
146;9176
147;5797
148;6982
149;3711
150;5393
151;2867
152;8388
153;7500
154;9347
155;8110
156;7732
157;2506
158;2437
159;4181
160;10360
161;10178
162;5185
163;3599
164;8734
165;1793
166;6590
167;4012
168;8496
169;8761
170;3381
171;1506
172;5050
173;6002
174;7479
175;6362
176;6154
177;6557
178;3941
179;1036
180;5752
181;4933
182;1414
183;1814
184;10092
185;3440
186;10859
187;2515
188;4307
189;10492
190;2742
191;3578
192;4601
193;1696
194;7000
195;1055
196;3579
197;8950
198;6458
199;10110
200;6559
201;4903
202;7987
203;7820
204;8254
205;4084
206;8157
207;10629
208;9953
209;8710
210;8725
211;4660
212;9276
213;10998
214;6028
215;1995
216;7128
217;1904
218;2751
219;8616
220;9783
221;1057
222;4171
223;10893
224;10402
225;9315
226;1965
227;1572
228;1584
229;10159
230;4874
231;10380
232;7717
233;6874
234;1038
235;9233
236;8167
237;5098
238;9877
239;6724
240;7792
241;3890
242;3499
243;1194
244;8192
245;1773
246;3133
247;8403
248;7567
249;9694
250;2552
251;8517
252;8218
253;10331
254;3969
255;6802
256;10136
257;8015
258;6350
259;5892
260;9883
261;9494
262;10508
263;7725
264;1966
265;6377
266;2989
267;3550
268;7956
269;2705
270;4817
271;9412
272;5226
273;2047
274;3514
275;2888
276;5616
277;2386
278;6574
279;1358
280;4535
281;7666
282;6341
283;1304
284;8854
285;4300
286;7339
287;3127
288;10610
289;8039
290;2151
291;6340
292;8868
293;6793
294;10773
295;4835
296;10155
297;6579
298;6210
299;10580
300;10783
301;1215
302;1926
303;8739
304;3808
305;2624
306;6481
307;5185
308;1306
309;6468
310;2963
311;10584
312;3512
313;2572
314;2374
315;10392
316;4596
317;4773
318;10563
319;4055
320;2737
321;9670
322;6714
323;4734
324;1991
325;2697
326;5937
327;9441
328;7714
329;10153
330;1839
331;3165
332;1326
333;4604
334;1166
335;8651
336;1885
337;9209
338;6847
339;1289
340;4462
341;8166
342;4522
343;10189
344;5773
345;6752
346;10837
347;7725
348;2538
349;10894
350;4201
351;2652
352;10144
353;10983
354;4767
355;6488
356;8141
357;7702
358;5954
359;3547
360;1444
361;5898
362;2693
363;8049
364;8732
365;2631
366;8780
367;9995
368;3141
369;6063
370;9633
371;1371
372;5153
373;9620
374;10797
375;6125
376;8079
377;6246
378;9412
379;5271
380;4596
381;10448
382;7605
383;5542
384;5755
385;2951
386;4845
387;6044
388;4303
389;4328
390;1649
391;7527
392;8264
393;6742
394;3968
395;3195
396;2036
397;1254
398;7818
399;10002
400;3442
401;10958
402;5542
403;10992
404;9483
405;6109
406;4465
407;7918
408;3631
409;6550
410;5557
411;6204
412;1573
413;3002
414;6168
415;3316
416;4758
417;6976
418;2954
419;9085
420;5818
421;2253
422;4270
423;10135
424;9727
425;2205
426;8907
427;3591
428;7186
429;10948
430;1457
431;2013
432;5867
433;4020
434;5081
435;9262
436;9490
437;10463
438;8875
439;1103
440;9729
441;8619
442;2309
443;7996
444;3563
445;6775
446;2151
447;1191
448;4163
449;7004
450;2479
451;6021
452;2385
453;3256
454;2649
455;1717
456;1662
457;5609
458;3002
459;10567
460;7619
461;2566
462;8152
463;4063
464;2326
465;8164
466;3694
467;6302
468;3046
469;7685
470;7324
471;10997
472;10207
473;9165
474;6508
475;6920
476;1639
477;1876
478;10798
479;10993
480;2967
481;1044
482;1401
483;5336
484;6232
485;5745
486;10148
487;1406
488;6655
489;9283
490;9100
491;3118
492;6172
493;9518
494;5481
495;6614
496;9130
497;10716
498;6745
499;2537
500;6612
501;10544
502;8654
503;1655
504;8945
505;7632
506;6024
507;10282
508;10114
509;10901
510;1518
511;3690
512;9674
513;4747
514;6495
515;3783
516;5659
517;9331
518;4361
519;4183
520;7874
521;9672
522;8546
523;3375
524;10016
525;7001
526;1984
527;7272
528;5245
529;7045
530;6649
531;9353
532;10508
533;6153
534;2180
535;7688
536;5167
537;2734
538;5226
539;5342
540;5924
541;1231
542;1377
543;7791
544;10806
545;7500
546;3062
547;5704
548;9289
549;3324
550;9830
551;2287
552;2575
553;10963
554;6563
555;3718
556;1995
557;5072
558;5774
559;2259
560;1721
561;1876
562;10566
563;7462
564;7302
565;7414
566;6478
567;3559
568;3046
569;2557
570;9652
571;2269
572;9397
573;2487
574;5073
575;7250
576;10876
577;1661
578;3041
579;10927
580;7524
581;6160
582;4070
583;2335
584;5922
585;5582
586;9961
587;8884
588;7865
589;10281
590;10834
591;10237
592;9555
593;4692
594;5556
595;9464
596;3730
597;9362
598;2711
599;1121
600;8788
601;6965
602;4615
603;9248
604;5783
605;7998
606;2864
607;5316
608;5945
609;3180
610;6090
611;4367
612;10998
613;7654
614;4930
615;5276
616;1933
617;4410
618;5119
619;6160
620;2140
621;8007
622;4908
623;10027
624;3325
625;6374
626;8369
627;5431
628;4919
629;5724
630;6838
631;4656
632;2500
633;7673
634;2231
635;1319
636;10205
637;4518
638;6742
639;4341
640;3132
641;5048
642;10287
643;10638
644;8494
645;10379
646;3767
647;7504
648;7235
649;2689
650;2484
651;9456
652;10421
653;4689
654;8345
655;6325
656;3233
657;7204
658;3796
659;4572
660;7506
661;2899
662;7530
663;10856
664;1157
665;7134
666;1972
667;9881
668;1699
669;10681
670;1258
671;4957
672;1500
673;10543
674;6705
675;2176
676;9017
677;8013
678;5725
679;5073
680;6425
681;7991
682;5919
683;8535
684;10735
685;3746
686;10959
687;1300
688;10065
689;4956
690;7459
691;1675
692;1578
693;8061
694;8012
695;5838
696;9195
697;10553
698;4103
699;5313
700;1809
701;10836
702;3456
703;6419
704;4377
705;2551
706;2883
707;3207
708;10664
709;7732
710;10382
711;3478
712;2159
713;5118
714;2794
715;3046
716;3282
717;1476
718;3808
719;1134
720;5103
721;3739
722;9704
723;9159
724;9041
725;3182
726;5738
727;6268
728;7209
729;9855
730;1247
731;8467
732;4366
733;2286
734;7184
735;10758
736;7116
737;4166
738;1326
739;1755
740;10358
741;2693
742;8087
743;7445
744;3649
745;6848
746;10185
747;9789
748;9242
749;9931
750;1998
751;5173
752;2391
753;1873
754;6225
755;3865
756;2555
757;5145
758;7075
759;7504
760;3015
761;4290
762;6552
763;8812
764;4915
765;1451
766;6531
767;6042
768;5765
769;7599
770;1969
771;7067
772;1392
773;7271
774;9943
775;2776
776;9880
777;4097
778;8224
779;2451
780;8575
781;7150
782;2570
783;1764
784;2884
785;1494
786;8705
787;5786
788;4642
789;8140
790;9851
791;1613
792;7416
793;9397
794;5640
795;10784
796;6481
797;6837
798;2954
799;3538
800;2194
801;2841
802;8799
803;5817
804;7207
805;4965
806;3058
807;4724
808;7155
809;4654
810;7958
811;5897
812;10240
813;10845
814;2979
815;3834
816;4983
817;3792
818;6784
819;4276
820;5667
821;2011
822;6201
823;8532
824;6356
825;5659
826;5042
827;6585
828;6663
829;5515
830;3589
831;10574
832;5395
833;3831
834;2609
835;9723
836;3644
837;9685
838;1075
839;3508
840;8248
841;5074
842;8258
843;5094
844;7076
845;8543
846;4139
847;9534
848;1329
849;7444
850;10366
851;10200
852;8435
853;8615
854;9821
855;5958
856;5686
857;4502
858;2463
859;6721
860;9759
861;2450
862;9622
863;1733
864;1322
865;3774
866;1208
867;8847
868;6749
869;9874
870;9406
871;10301
872;10719
873;5529
874;10647
875;3092
876;2462
877;8838
878;9144
879;3892
880;8916
881;8769
882;4754
883;7350
884;9946
885;2269
886;2170
887;3551
888;8092
889;5891
890;1951
891;6458
892;10086
893;1495
894;10354
895;3014
896;10334
897;1168
898;7162
899;7329
900;8432
901;3005
902;9821
903;4938
904;1429
905;2611
906;1173
907;8438
908;9054
909;2541
910;2126
911;5269
912;1682
913;1486
914;6331
915;4651
916;4552
917;3846
918;3880
919;7190
920;9307
921;9566
922;6246
923;10667
924;2505
925;2437
926;3077
927;2687
928;7285
929;10105
930;1548
931;10666
932;5638
933;3274
934;9530
935;1717
936;2626
937;4376
938;5112
939;7308
940;1881
941;4237
942;1799
943;8382
944;1652
945;4190
946;8868
947;5282
948;2929
949;4859
950;5662
951;3343
952;3552
953;8205
954;5097
955;8209
956;7326
957;2889
958;2141
959;1716
960;2380
961;5590
962;10684
963;9233
964;5439
965;9848
966;2025
967;3008
968;7128
969;6969
970;2791
971;5009
972;3115
973;2694
974;2871
975;10624
976;4461
977;3677
978;1890
979;7703
980;9909
981;6291
982;2080
983;10297
984;8104
985;9802
986;4522
987;5630
988;9831
989;7970
990;7030
991;3121
992;1387
993;7483
994;6729
995;10304
996;8161
997;2229
998;10908
999;2407
1000;4253
1001;8003
1002;6304
1003;9847
1004;2728
1005;7699
1006;6236
1007;9982
1008;1121
1009;4218
1010;3385
1011;9472
1012;10904
1013;4027
1014;4325
1015;3979
1016;9249
1017;5772
1018;6535
1019;4964
1020;4797
1021;6493
1022;10329
1023;2266
1024;8458
1025;5303
1026;7932
1027;10550
1028;3932
1029;8649
1030;2782
1031;3404
1032;3351
1033;2941
1034;10648
1035;7080
1036;5053
1037;1949
1038;4200
1039;2289
1040;1594
1041;4088
1042;9918
1043;6345
1044;1927
1045;5421
1046;8789
1047;4282
1048;4662
1049;1675
1050;9067
1051;7825
1052;8552
1053;2904
1054;7313
1055;5894
1056;1890
1057;1068
1058;10155
1059;6040
1060;5235
1061;5215
1062;4663
1063;7732
1064;10566
1065;3020
1066;1932
1067;9540
1068;3263
1069;7834
1070;4823
1071;10432
1072;9858
1073;9412
1074;8529
1075;4070
1076;9683
1077;5287
1078;7311
1079;4265
1080;8068
1081;7095
1082;10991
1083;6221
1084;7415
1085;4856
1086;7203
1087;4700
1088;8012
1089;9085
1090;1572
1091;3390
1092;3229
1093;4478
1094;8534
1095;8889
1096;3995
1097;2988
1098;6061
1099;7743
1100;4579
1101;3362
1102;10456
1103;3882
1104;7201
1105;7726
1106;7173
1107;9276
1108;4379
1109;9338
1110;5452
1111;3980
1112;9948
1113;10418
1114;5874
1115;1823
1116;4838
1117;4158
1118;2883
1119;2947
1120;9353
1121;9697
1122;7298
1123;7292
1124;2526
1125;8719
1126;5448
1127;10445
1128;10945
1129;10311
1130;6782
1131;9058
1132;4982
1133;9974
1134;7785
1135;9027
1136;8025
1137;8771
1138;6083
1139;10462
1140;3208
1141;10648
1142;10609
1143;8870
1144;4033
1145;9704
1146;1674
1147;9010
1148;1024
1149;1218
1150;9694
1151;8232
1152;5198
1153;7847
1154;7191
1155;2045
1156;6218
1157;9692
1158;2372
1159;1447
1160;9461
1161;9024
1162;8825
1163;6026
1164;1591
1165;6730
1166;1454
1167;1082
1168;9639
1169;3531
1170;2720
1171;2242
1172;5301
1173;7565
1174;5843
1175;6477
1176;9442
1177;4352
1178;1816
1179;2886
1180;7077
1181;3725
1182;1957
1183;10375
1184;9750
1185;1410
1186;8712
1187;4819
1188;4980
1189;10853
1190;9153
1191;2221
1192;3759
1193;1706
1194;4997
1195;7613
1196;3848
1197;2684
1198;10079
1199;9805
1200;9919
1201;1628
1202;7152
1203;3661
1204;4734
1205;5721
1206;5550
1207;2130
1208;2389
1209;8055
1210;7613
1211;4473
1212;10185
1213;10592
1214;5556
1215;1340
1216;2910
1217;1787
1218;9337
1219;10555
1220;8126
1221;7437
1222;8413
1223;5600
1224;1461
1225;5473
1226;4517
1227;2569
1228;7458
1229;6956
1230;5473
1231;5337
1232;4962
1233;6073
1234;2110
1235;8727
1236;5653
1237;9534
1238;9073
1239;1603
1240;10608
1241;1730
1242;1713
1243;2506
1244;3441
1245;2791
1246;3949
1247;4259
1248;9300
1249;3886
1250;3554
1251;10456
1252;7586
1253;6683
1254;2342
1255;2474
1256;8135
1257;8114
1258;10386
1259;6497
1260;6159
1261;1066
1262;4464
1263;7781
1264;1200
1265;4551
1266;1840
1267;8336
1268;8276
1269;3504
1270;1652
1271;5953
1272;3150
1273;4018
1274;3151
1275;9588
1276;2291
1277;10598
1278;7321
1279;10327
1280;6697
1281;8476
1282;6375
1283;3254
1284;1533
1285;10533
1286;6757
1287;8513
1288;1119
1289;2402
1290;9317
1291;3251
1292;6340
1293;2357
1294;7059
1295;4763
1296;5944
1297;5065
1298;8442
1299;1439
1300;7310
1301;7088
1302;2273
1303;7810
1304;9854
1305;2313
1306;8630
1307;4559
1308;3072
1309;8085
1310;1761
1311;2659
1312;6429
1313;3098
1314;8775
1315;5103
1316;3797
1317;8168
1318;10184
1319;10737
1320;2044
1321;7612
1322;1538
1323;6101
1324;1541
1325;10380
1326;7163
1327;8621
1328;3709
1329;10758
1330;10866
1331;4755
1332;10868
1333;2461
1334;3961
1335;1281
1336;10234
1337;5886
1338;5622
1339;10156
1340;9495
1341;3909
1342;10632
1343;6851
1344;3179
1345;7743
1346;1372
1347;10899
1348;7688
1349;4275
1350;10956
1351;10023
1352;3987
1353;9852
1354;5469
1355;4615
1356;7453
1357;5103
1358;9376
1359;8795
1360;3279
1361;3931
1362;7421
1363;4854
1364;7799
1365;9485
1366;10204
1367;9622
1368;3126
1369;1473
1370;8148
1371;9061
1372;2919
1373;4638
1374;2452
1375;7195
1376;9500
1377;6056
1378;5769
1379;10643
1380;3122
1381;5057
1382;8749
1383;4211
1384;2062
1385;9173
1386;1445
1387;7981
1388;6908
1389;1009
1390;2426
1391;8977
1392;1829
1393;6258
1394;8942
1395;6483
1396;1417
1397;7358
1398;6106
1399;2821
1400;2451
1401;7155
1402;9625
1403;2536
1404;6112
1405;9911
1406;6360
1407;9195
1408;8935
1409;8812
1410;2602
1411;9272
1412;1283
1413;1457
1414;7004
1415;9852
1416;2396
1417;5078
1418;8746
1419;3220
1420;1110
1421;5026
1422;10482
1423;1358
1424;7565
1425;4454
1426;5260
1427;7537
1428;7214
1429;10548
1430;7598
1431;8889
1432;6759
1433;6143
1434;4467
1435;7194
1436;6043
1437;6027
1438;1317
1439;2331
1440;6327
1441;4776
1442;10979
1443;8145
1444;6170
1445;4527
1446;3568
1447;8145
1448;10016
1449;8877
1450;6196
1451;5307
1452;4988
1453;6725
1454;8963
1455;1962
1456;1066
1457;9907
1458;6571
1459;2496
1460;2838
1461;7715
1462;4355
1463;4497
1464;4228
1465;4349
1466;8254
1467;5328
1468;5318
1469;2832
1470;5911
1471;9089
1472;5736
1473;4727
1474;8328
1475;3948
1476;5292
1477;5235
1478;4067
1479;7680
1480;8242
1481;10647
1482;6924
1483;1378
1484;8570
1485;2558
1486;10935
1487;4039
1488;2457
1489;1038
1490;4075
1491;4463
1492;5756
1493;4192
1494;4228
1495;6119
1496;2876
1497;9829
1498;2483
1499;4191
1500;6022
1501;2145
1502;7209
1503;5251
1504;6422
1505;5754
1506;6341
1507;6461
1508;5367
1509;1056
1510;4326
1511;9802
1512;6405
1513;1858
1514;8311
1515;3208
1516;4940
1517;3205
1518;3141
1519;8487
1520;5326
1521;10126
1522;5463
1523;2825
1524;9388
1525;7661
1526;9823
1527;6602
1528;7041
1529;8208
1530;2405
1531;5107
1532;7724
1533;3621
1534;10164
1535;5188
1536;1513
1537;4847
1538;4838
1539;4079
1540;1255
1541;1507
1542;5452
1543;1180
1544;3617
1545;1973
1546;10798
1547;1494
1548;6515
1549;6967
1550;2914
1551;6303
1552;9421
1553;8444
1554;3022
1555;2768
1556;9818
1557;4433
1558;8021
1559;1668
1560;7600
1561;4956
1562;2272
1563;3975
1564;3645
1565;10632
1566;2551
1567;10171
1568;5103
1569;2709
1570;3877
1571;9964
1572;5570
1573;10922
1574;9001
1575;8880
1576;3381
1577;9160
1578;5411
1579;8790
1580;6553
1581;2690
1582;4320
1583;7642
1584;8688
1585;9376
1586;1728
1587;1814
1588;8312
1589;5507
1590;2648
1591;4043
1592;10377
1593;7523
1594;5239
1595;8067
1596;6516
1597;8860
1598;8254
1599;9682
1600;4580
1601;8392
1602;2694
1603;2012
1604;2895
1605;2914
1606;9853
1607;5318
1608;6090
1609;8970
1610;5495
1611;10971
1612;3266
1613;6374
1614;5934
1615;8802
1616;5455
1617;6572
1618;5682
1619;5368
1620;1994
1621;2388
1622;7548
1623;7814
1624;4311
1625;8037
1626;6011
1627;5309
1628;8067
1629;1251
1630;9753
1631;5174
1632;4716
1633;6865
1634;6364
1635;10743
1636;8797
1637;3023
1638;7710
1639;9339
1640;1381
1641;10492
1642;4160
1643;4350
1644;4734
1645;2811
1646;8631
1647;5100
1648;2560
1649;2717
1650;10893
1651;6730
1652;3218
1653;8050
1654;5926
1655;6583
1656;4064
1657;2283
1658;3382
1659;4507
1660;4765
1661;10800
1662;2656
1663;1646
1664;3087
1665;4770
1666;6486
1667;5166
1668;3300
1669;4474
1670;7552
1671;9602
1672;8541
1673;6943
1674;5757
1675;10666
1676;3280
1677;8317
1678;3602
1679;7153
1680;7654
1681;1530
1682;3420
1683;2583
1684;8948
1685;4900
1686;10690
1687;2766
1688;2439
1689;1658
1690;1113
1691;10505
1692;10462
1693;6147
1694;5577
1695;5769
1696;9040
1697;2454
1698;6895
1699;2597
1700;1032
1701;9005
1702;1202
1703;1464
1704;2328
1705;6410
1706;7228
1707;5168
1708;10714
1709;7423
1710;6387
1711;1221
1712;7698
1713;6254
1714;9577
1715;9275
1716;6548
1717;5629
1718;9399
1719;10897
1720;7476
1721;2600
1722;7117
1723;10688
1724;6086
1725;6960
1726;2107
1727;4392
1728;1703
1729;2110
1730;10563
1731;4857
1732;10515
1733;3280
1734;10433
1735;6068
1736;7573
1737;5063
1738;10837
1739;4355
1740;9820
1741;1489
1742;6672
1743;4452
1744;5268
1745;3200
1746;2665
1747;8829
1748;9434
1749;4395
1750;7807
1751;9347
1752;5177
1753;4368
1754;9284
1755;7415
1756;5341
1757;10844
1758;5208
1759;9237
1760;10153
1761;8501
1762;6554
1763;1656
1764;4150
1765;6972
1766;7397
1767;4525
1768;2675
1769;9491
1770;3508
1771;6725
1772;6479
1773;8404
1774;6295
1775;4931
1776;6971
1777;2655
1778;5389
1779;5467
1780;8846
1781;1374
1782;8311
1783;3074
1784;7159
1785;7530
1786;4878
1787;3991
1788;8304
1789;9792
1790;1686
1791;5699
1792;4941
1793;8460
1794;7306
1795;6499
1796;6657
1797;8758
1798;5336
1799;2888
1800;3347
1801;3150
1802;1748
1803;9358
1804;6461
1805;3147
1806;10275
1807;3206
1808;7723
1809;8432
1810;5269
1811;6567
1812;2536
1813;8466
1814;5174
1815;3240
1816;5248
1817;1063
1818;5909
1819;9703
1820;4530
1821;5214
1822;9158
1823;5027
1824;8730
1825;2267
1826;3927
1827;3663
1828;5683
1829;1951
1830;7629
1831;3988
1832;5904
1833;10399
1834;9237
1835;1450
1836;10003
1837;5804
1838;9963
1839;4772
1840;4749
1841;2350
1842;1626
1843;8843
1844;6134
1845;8539
1846;6499
1847;3709
1848;3413
1849;4359
1850;9644
1851;5417
1852;3551
1853;7555
1854;5583
1855;5049
1856;9429
1857;7563
1858;6356
1859;4971
1860;9147
1861;8313
1862;10159
1863;2869
1864;3815
1865;5339
1866;5454
1867;8925
1868;7800
1869;10091
1870;10083
1871;4044
1872;6200
1873;7982
1874;5723
1875;1521
1876;9870
1877;6474
1878;10278
1879;10292
1880;1558
1881;5330
1882;10612
1883;7824
1884;7695
1885;7309
1886;10770
1887;5384
1888;1369
1889;2784
1890;3431
1891;8475
1892;6614
1893;7026
1894;9148
1895;5574
1896;10300
1897;1301
1898;8233
1899;7482
1900;6653
1901;5439
1902;5463
1903;9713
1904;3234
1905;2076
1906;4305
1907;4894
1908;10467
1909;1869
1910;8874
1911;7819
1912;6896
1913;9138
1914;7989
1915;3822
1916;5744
1917;6664
1918;2139
1919;1148
1920;7905
1921;1070
1922;4940
1923;8434
1924;1728
1925;3874
1926;10381
1927;10685
1928;7721
1929;9845
1930;1631
1931;8725
1932;5530
1933;6966
1934;2703
1935;4130
1936;5084
1937;2151
1938;10668
1939;5268
1940;10225
1941;5964
1942;1059
1943;9008
1944;8269
1945;5548
1946;5158
1947;8222
1948;9746
1949;9211
1950;1964
1951;5035
1952;5637
1953;10167
1954;6688
1955;5569
1956;2688
1957;3549
1958;7493
1959;6980
1960;7903
1961;7071
1962;9032
1963;6948
1964;5457
1965;8845
1966;2049
1967;6374
1968;8902
1969;6509
1970;7531
1971;1427
1972;9927
1973;8706
1974;8009
1975;5987
1976;3376
1977;8029
1978;3041
1979;10471
1980;10423
1981;3939
1982;9213
1983;1918
1984;3380
1985;7032
1986;6757
1987;6225
1988;7661
1989;9728
1990;8099
1991;7397
1992;7985
1993;8702
1994;10919
1995;10148
1996;9838
1997;2725
1998;10021
1999;4271
2000;5454
2001;3023
2002;1680
2003;8924
2004;1533
2005;2073
2006;6416
2007;7281
2008;7126
2009;5079
2010;5277
2011;9790
2012;6336
2013;5108
2014;6655
2015;6806
2016;6853
2017;2470
2018;5249
2019;2078
2020;8110
2021;2859
2022;7565
2023;7592
2024;4821
2025;5414
2026;1264
2027;3640
2028;6355
2029;1147
2030;4039
2031;2886
2032;2660
2033;5935
2034;9902
2035;8579
2036;6451
2037;10807
2038;1251
2039;10664
2040;3924
2041;7753
2042;1972
2043;10982
2044;8154
2045;3095
2046;6412
2047;1764
2048;7130
2049;8247
2050;10929
2051;8424
2052;8586
2053;5902
2054;3055
2055;1316
2056;3109
2057;5734
2058;5117
2059;3196
2060;6629
2061;6092
2062;6522
2063;3386
2064;1219
2065;1144
2066;5993
2067;2923
2068;10957
2069;7315
2070;9112
2071;1404
2072;7946
2073;4043
2074;10015
2075;10863
2076;2600
2077;5279
2078;8837
2079;2753
2080;6745
2081;4542
2082;4286
2083;7324
2084;1458
2085;9883
2086;10704
2087;7356
2088;4026
2089;4252
2090;2050
2091;4723
2092;3497
2093;10799
2094;2633
2095;4305
2096;7918
2097;7337
2098;4791
2099;10125
2100;1671
2101;3996
2102;4661
2103;7658
2104;2114
2105;3991
2106;7552
2107;8926
2108;10227
2109;2402
2110;6483
2111;6612
2112;3564
2113;10701
2114;6837
2115;9703
2116;7560
2117;9473
2118;4785
2119;5450
2120;2000
2121;5468
2122;2361
2123;2857
2124;9847
2125;10741
2126;8599
2127;2517
2128;2298
2129;5937
2130;2743
2131;7695
2132;6348
2133;5683
2134;2390
2135;9582
2136;9866
2137;6566
2138;2087
2139;4873
2140;1646
2141;6206
2142;2325
2143;5312
2144;9530
2145;1710
2146;2816
2147;5026
2148;1129
2149;3265
2150;8064
2151;4371
2152;1458
2153;2753
2154;10401
2155;10922
2156;8621
2157;2034
2158;7341
2159;1718
2160;6562
2161;9083
2162;7285
2163;8620
2164;10534
2165;9869
2166;3305
2167;8945
2168;6945
2169;2660
2170;5835
2171;9962
2172;4495
2173;3327
2174;10358
2175;5352
2176;1612
2177;3842
2178;4495
2179;7468
2180;3372
2181;7202
2182;5982
2183;7893
2184;3306
2185;4128
2186;7350
2187;9477
2188;2059
2189;9723
2190;3887
2191;7196
2192;7300
2193;7887
2194;2003
2195;1092
2196;2383
2197;9032
2198;2166
2199;9676
2200;7812
2201;10140
2202;3966
2203;5529
2204;1620
2205;2709
2206;3154
2207;9286
2208;4759
2209;9940
2210;4939
2211;2592
2212;6001
2213;6604
2214;4863
2215;8655
2216;9019
2217;7489
2218;9454
2219;9664
2220;9326
2221;1889
2222;2000
2223;4371
2224;2334
2225;2340
2226;6716
2227;6953
2228;5830
2229;8985
2230;1265
2231;7035
2232;9828
2233;7207
2234;10538
2235;3190
2236;9717
2237;3398
2238;7790
2239;9427
2240;3052
2241;6540
2242;1759
2243;10590
2244;6670
2245;1605
2246;6596
2247;7213
2248;10218
2249;10918
2250;8988
2251;7037
2252;1596
2253;4872
2254;7684
2255;8039
2256;1636
2257;5913
2258;6287
2259;4222
2260;5370
2261;6965
2262;1124
2263;1518
2264;2077
2265;3570
2266;1838
2267;6903
2268;6203
2269;8137
2270;10948
2271;7530
2272;9928
2273;3502
2274;4514
2275;4766
2276;9994
2277;5267
2278;6365
2279;6162
2280;9885
2281;2196
2282;1226
2283;2371
2284;9954
2285;10918
2286;4301
2287;8496
2288;3242
2289;4027
2290;6437
2291;7107
2292;2810
2293;8939
2294;9623
2295;2261
2296;7837
2297;5325
2298;9330
2299;4421
2300;5962
2301;9771
2302;1001
2303;10910
2304;1747
2305;9629
2306;3111
2307;2095
2308;4130
2309;6678
2310;1373
2311;6890
2312;6334
2313;5449
2314;5414
2315;3887
2316;3485
2317;9873
2318;3097
2319;5522
2320;6403
2321;8655
2322;5642
2323;7895
2324;10742
2325;7704
2326;3169
2327;8592
2328;5362
2329;3110
2330;1716
2331;5787
2332;7833
2333;8878
2334;6576
2335;4072
2336;6853
2337;8842
2338;2831
2339;2803
2340;8547
2341;9638
2342;7348
2343;6066
2344;2573
2345;1982
2346;9949
2347;3684
2348;3910
2349;9451
2350;4354
2351;10126
2352;3287
2353;8235
2354;2929
2355;10952
2356;8562
2357;10185
2358;9353
2359;8420
2360;7185
2361;6578
2362;8858
2363;6674
2364;8276
2365;4224
2366;4082
2367;2706
2368;9060
2369;10372
2370;1503
2371;4196
2372;9709
2373;10778
2374;1511
2375;7535
2376;10746
2377;6004
2378;4820
2379;7578
2380;3670
2381;4880
2382;8234
2383;4349
2384;10519
2385;3889
2386;4430
2387;3489
2388;9767
2389;5049
2390;2538
2391;2328
2392;6173
2393;3978
2394;10622
2395;4232
2396;5330
2397;10506
2398;1662
2399;8804
2400;6666
2401;3506
2402;8408
2403;10563
2404;3411
2405;3148
2406;8764
2407;2724
2408;3507
2409;4251
2410;2192
2411;5588
2412;4560
2413;7076
2414;4216
2415;4591
2416;1455
2417;8159
2418;10262
2419;10179
2420;1158
2421;6639
2422;5757
2423;8685
2424;6907
2425;1437
2426;4843
2427;1640
2428;5733
2429;8164
2430;6767
2431;9180
2432;1812
2433;8631
2434;10026
2435;10776
2436;10863
2437;5041
2438;3279
2439;4695
2440;9020
2441;8659
2442;2597
2443;5905
2444;7633
2445;5241
2446;10826
2447;9600
2448;6046
2449;2379
2450;10644
2451;10340
2452;6301
2453;9866
2454;1886
2455;7154
2456;10081
2457;7664
2458;9210
2459;4286
2460;3899
2461;9927
2462;5846
2463;2336
2464;10328
2465;8161
2466;10305
2467;10828
2468;9518
2469;4133
2470;8004
2471;3953
2472;3443
2473;4598
2474;10920
2475;10181
2476;9108
2477;1575
2478;5879
2479;7950
2480;4613
2481;8333
2482;7386
2483;3152
2484;1904
2485;2245
2486;10989
2487;1418
2488;4538
2489;1097
2490;1883
2491;6720
2492;9006
2493;3196
2494;9451
2495;4098
2496;2493
2497;9442
2498;4159
2499;8734
2500;3345
2501;1358
2502;1368
2503;4837
2504;4254
2505;9632
2506;9640
2507;1834
2508;10596
2509;9936
2510;2680
2511;3024
2512;9593
2513;8976
2514;1699
2515;1280
2516;7924
2517;9009
2518;1959
2519;5421
2520;7279
2521;1996
2522;2234
2523;6855
2524;9037
2525;4520
2526;7596
2527;9857
2528;9288
2529;7632
2530;8279
2531;7161
2532;7027
2533;8921
2534;3630
2535;4607
2536;5661
2537;4554
2538;1581
2539;4510
2540;5460
2541;5295
2542;1113
2543;6241
2544;8741
2545;7864
2546;1033
2547;9675
2548;2185
2549;4084
2550;7431
2551;9133
2552;2973
2553;3513
2554;4082
2555;2795
2556;4134
2557;4066
2558;2488
2559;6400
2560;8073
2561;3169
2562;10073
2563;7934
2564;5346
2565;10146
2566;5566
2567;8958
2568;5081
2569;6361
2570;4201
2571;10654
2572;2768
2573;2682
2574;4163
2575;3989
2576;4204
2577;8839
2578;5148
2579;5703
2580;8528
2581;4456
2582;7512
2583;2960
2584;7467
2585;10276
2586;3225
2587;7780
2588;1508
2589;3243
2590;1073
2591;5764
2592;6455
2593;10721
2594;5071
2595;10050
2596;8408
2597;7312
2598;6263
2599;6489
2600;9825
2601;6150
2602;2042
2603;10243
2604;8030
2605;7327
2606;6681
2607;5084
2608;6820
2609;6091
2610;3750
2611;10265
2612;6401
2613;5228
2614;6325
2615;3067
2616;1112
2617;10246
2618;1203
2619;4564
2620;6501
2621;6922
2622;4986
2623;2751
2624;1370
2625;5041
2626;1619
2627;8698
2628;5742
2629;10683
2630;4255
2631;6795
2632;10026
2633;5960
2634;5890
2635;5527
2636;7942
2637;1127
2638;6306
2639;4909
2640;5373
2641;8777
2642;4094
2643;8236
2644;5573
2645;2630
2646;1940
2647;7322
2648;9508
2649;1642
2650;4255
2651;9317
2652;5557
2653;4158
2654;7985
2655;3469
2656;2529
2657;4800
2658;6920
2659;10265
2660;6621
2661;9816
2662;8199
2663;2296
2664;3262
2665;1684
2666;1657
2667;5898
2668;5708
2669;5175
2670;3040
2671;10494
2672;1591
2673;7670
2674;5747
2675;6767
2676;5259
2677;4327
2678;3545
2679;3963
2680;9412
2681;2711
2682;9349
2683;5338
2684;10652
2685;8270
2686;2046
2687;6669
2688;8676
2689;8740
2690;3060
2691;3358
2692;7780
2693;8892
2694;5046
2695;1483
2696;5594
2697;10981
2698;8478
2699;6534
2700;3569
2701;10438
2702;10275
2703;10455
2704;8145
2705;6263
2706;6391
2707;10143
2708;2414
2709;7836
2710;2662
2711;1673
2712;6972
2713;9445
2714;8289
2715;7354
2716;1479
2717;6992
2718;7659
2719;4339
2720;5351
2721;10618
2722;10491
2723;7146
2724;6865
2725;6005
2726;7111
2727;6813
2728;1836
2729;8993
2730;6310
2731;10462
2732;1815
2733;4019
2734;6316
2735;1143
2736;6290
2737;9245
2738;2460
2739;6558
2740;7921
2741;6683
2742;8619
2743;7044
2744;9582
2745;6818
2746;1515
2747;7350
2748;9352
2749;8543
2750;3528
2751;9081
2752;10368
2753;1461
2754;4263
2755;6426
2756;9161
2757;5896
2758;2259
2759;8796
2760;6868
2761;4101
2762;6260
2763;1444
2764;3321
2765;3976
2766;2460
2767;8224
2768;1665
2769;8444
2770;9943
2771;6438
2772;4087
2773;4468
2774;2424
2775;4729
2776;2936
2777;5660
2778;5212
2779;7513
2780;7942
2781;5339
2782;8021
2783;4961
2784;7923
2785;1423
2786;5922
2787;8589
2788;3452
2789;5085
2790;10942
2791;3258
2792;6196
2793;9267
2794;7669
2795;6398
2796;5255
2797;9804
2798;8650
2799;5575
2800;3964
2801;6849
2802;8792
2803;10948
2804;8635
2805;8605
2806;3360
2807;5178
2808;10289
2809;5009
2810;2327
2811;4818
2812;6135
2813;3532
2814;4408
2815;7523
2816;5391
2817;2778
2818;2515
2819;7274
2820;4904
2821;10911
2822;8341
2823;3140
2824;9883
2825;6375
2826;6087
2827;5920
2828;6978
2829;8189
2830;9610
2831;5421
2832;7817
2833;10750
2834;5288
2835;7692
2836;1902
2837;8131
2838;7135
2839;9184
2840;9875
2841;5565
2842;1736
2843;8132
2844;8663
2845;2145
2846;6186
2847;10981
2848;3535
2849;6247
2850;2511
2851;9510
2852;2395
2853;10373
2854;3036
2855;4671
2856;1411
2857;6064
2858;4707
2859;1805
2860;2336
2861;8994
2862;2006
2863;10976
2864;6960
2865;10148
2866;9428
2867;9494
2868;3081
2869;5834
2870;6746
2871;4306
2872;2025
2873;10389
2874;9647
2875;1882
2876;7201
2877;1825
2878;3053
2879;5850
2880;4039
2881;6871
2882;3533
2883;9826
2884;7519
2885;4080
2886;8005
2887;2290
2888;5669
2889;6220
2890;6924
2891;1524
2892;10233
2893;8578
2894;1377
2895;3512
2896;9366
2897;6985
2898;10392
2899;9425
2900;2772
2901;2004
2902;8109
2903;9637
2904;5078
2905;10043
2906;9888
2907;8833
2908;5833
2909;2817
2910;3025
2911;6725
2912;5903
2913;2646
2914;8997
2915;9942
2916;4377
2917;2413
2918;4064
2919;2988
2920;6385
2921;3028
2922;9523
2923;9895
2924;5461
2925;5113
2926;8957
2927;6742
2928;1732
2929;5072
2930;1908
2931;4193
2932;1211
2933;10215
2934;8688
2935;3240
2936;2501
2937;8083
2938;5544
2939;9201
2940;8601
2941;6739
2942;10088
2943;3427
2944;3950
2945;3209
2946;9940
2947;8131
2948;5569
2949;2774
2950;5023
2951;10085
2952;1048
2953;3205
2954;2655
2955;10042
2956;2483
2957;5018
2958;9894
2959;2751
2960;10863
2961;9261
2962;7358
2963;6427
2964;9500
2965;1279
2966;1603
2967;7605
2968;4956
2969;4405
2970;1460
2971;7022
2972;10678
2973;1346
2974;1760
2975;8021
2976;10891
2977;10955
2978;2641
2979;6364
2980;5943
2981;6521
2982;3054
2983;6660
2984;10462
2985;7114
2986;2113
2987;1963
2988;5716
2989;8306
2990;6261
2991;8283
2992;5639
2993;9190
2994;7688
2995;9979
2996;1384
2997;10161
2998;8619
2999;10990
3000;9087
3001;9472
3002;5845
3003;6944
3004;4756
3005;5456
3006;8657
3007;5980
3008;9744
3009;1366
3010;6988
3011;1934
3012;5423
3013;5478
3014;3163
3015;10234
3016;1827
3017;10903
3018;1479
3019;5941
3020;4567
3021;2843
3022;7102
3023;9558
3024;9875
3025;5309
3026;2211
3027;10497
3028;5512
3029;2662
3030;4370
3031;8481
3032;5797
3033;6568
3034;10858
3035;1329
3036;9340
3037;6056
3038;1759
3039;10378
3040;3701
3041;1627
3042;2855
3043;9721
3044;4369
3045;5512
3046;4532
3047;3685
3048;10505
3049;9394
3050;5606
3051;3446
3052;3285
3053;4779
3054;6621
3055;6672
3056;9004
3057;10951
3058;4818
3059;4022
3060;4428
3061;10916
3062;5988
3063;9511
3064;10955
3065;10483
3066;9022
3067;9712
3068;8890
3069;1300
3070;9661
3071;4521
3072;2021
3073;5303
3074;7366
3075;6976
3076;9793
3077;4201
3078;1485
3079;7721
3080;1681
3081;5088
3082;7085
3083;10488
3084;3640
3085;4127
3086;8992
3087;1349
3088;9410
3089;1205
3090;3973
3091;1834
3092;2424
3093;1910
3094;4192
3095;7206
3096;1674
3097;1044
3098;3419
3099;4414
3100;2614
3101;4947
3102;1654
3103;1194
3104;5642
3105;1099
3106;7763
3107;5976
3108;4859
3109;1175
3110;7823
3111;5233
3112;9214
3113;10402
3114;6285
3115;7907
3116;1999
3117;7862
3118;1985
3119;10614
3120;2147
3121;4371
3122;3022
3123;9294
3124;2762
3125;3718
3126;10887
3127;1065
3128;7045
3129;4099
3130;7088
3131;8064
3132;5828
3133;1752
3134;7321
3135;1676
3136;9616
3137;2004
3138;8492
3139;3809
3140;2912
3141;1206
3142;8702
3143;6325
3144;6347
3145;1674
3146;3098
3147;10068
3148;8478
3149;8241
3150;10381
3151;6448
3152;3302
3153;8576
3154;3502
3155;1275
3156;1507
3157;3956
3158;3564
3159;7199
3160;1672
3161;9180
3162;9989
3163;4404
3164;5626
3165;6416
3166;5740
3167;4638
3168;7940
3169;1840
3170;9554
3171;3911
3172;3703
3173;1014
3174;4549
3175;8640
3176;2772
3177;2205
3178;2710
3179;4384
3180;7722
3181;1163
3182;6290
3183;10457
3184;9001
3185;10995
3186;9470
3187;6238
3188;8571
3189;8361
3190;8010
3191;3259
3192;4500
3193;4312
3194;8082
3195;7668
3196;2717
3197;3859
3198;10676
3199;5829
3200;7138
3201;3684
3202;6289
3203;10461
3204;5955
3205;3318
3206;5907
3207;2488
3208;9773
3209;7390
3210;1277
3211;2995
3212;3769
3213;3357
3214;5728
3215;8299
3216;5716
3217;8620
3218;1434
3219;6087
3220;7125
3221;2692
3222;2467
3223;2211
3224;8109
3225;8920
3226;1287
3227;10378
3228;1777
3229;8147
3230;9077
3231;4213
3232;8088
3233;4808
3234;5306
3235;10524
3236;3399
3237;6914
3238;1011
3239;2833
3240;1431
3241;5517
3242;7764
3243;6361
3244;7365
3245;2931
3246;5811
3247;10673
3248;7969
3249;3340
3250;4343
3251;6409
3252;10748
3253;10940
3254;5757
3255;3369
3256;7890
3257;1997
3258;1079
3259;6679
3260;1830
3261;3796
3262;6620
3263;7818
3264;2240
3265;8724
3266;4292
3267;3301
3268;4965
3269;9531
3270;4882
3271;6515
3272;9982
3273;7928
3274;1219
3275;3045
3276;9187
3277;7706
3278;5537
3279;10179
3280;1602
3281;3916
3282;7284
3283;10912
3284;1149
3285;2343
3286;8494
3287;7929
3288;1914
3289;5671
3290;8950
3291;4097
3292;9021
3293;3056
3294;8268
3295;1555
3296;4778
3297;7809
3298;3850
3299;8891
3300;3138
3301;9610
3302;10426
3303;6711
3304;4269
3305;9343
3306;10700
3307;8598
3308;6485
3309;1704
3310;8238
3311;2945
3312;2907
3313;1516
3314;2311
3315;7866
3316;9874
3317;9742
3318;7490
3319;2711
3320;4549
3321;8551
3322;5670
3323;1403
3324;1603
3325;4013
3326;10897
3327;10803
3328;5657
3329;9468
3330;3637
3331;6955
3332;4226
3333;1961
3334;8708
3335;8492
3336;1339
3337;3655
3338;10850
3339;2862
3340;2774
3341;4354
3342;6943
3343;3187
3344;6184
3345;1431
3346;3420
3347;5849
3348;3045
3349;4287
3350;4047
3351;3863
3352;3831
3353;9995
3354;8197
3355;2018
3356;9201
3357;6959
3358;10298
3359;6480
3360;2940
3361;4493
3362;2228
3363;8593
3364;4143
3365;1185
3366;9010
3367;10055
3368;5183
3369;9695
3370;4864
3371;2174
3372;5160
3373;2697
3374;3178
3375;6221
3376;10430
3377;8267
3378;8428
3379;8846
3380;6025
3381;2848
3382;1418
3383;5436
3384;6282
3385;4897
3386;6693
3387;8385
3388;1841
3389;4849
3390;6730
3391;1749
3392;10584
3393;1597
3394;10212
3395;2271
3396;7025
3397;9921
3398;7975
3399;8707
3400;8376
3401;7692
3402;2933
3403;3793
3404;9948
3405;8386
3406;5652
3407;5291
3408;2330
3409;9793
3410;9709
3411;6463
3412;10787
3413;6394
3414;5991
3415;1029
3416;8225
3417;7691
3418;6325
3419;6559
3420;5221
3421;5400
3422;1120
3423;7006
3424;1284
3425;8525
3426;5762
3427;8025
3428;9350
3429;1514
3430;5897
3431;1750
3432;7663
3433;6293
3434;2848
3435;5046
3436;9083
3437;3863
3438;3215
3439;10397
3440;3116
3441;10013
3442;8355
3443;2548
3444;6728
3445;6526
3446;4673
3447;6489
3448;9975
3449;6944
3450;3672
3451;9320
3452;9994
3453;7034
3454;8164
3455;6196
3456;7389
3457;5683
3458;10606
3459;10110
3460;4124
3461;2932
3462;10604
3463;10795
3464;8321
3465;10851
3466;4210
3467;1827
3468;2446
3469;10038
3470;5209
3471;2422
3472;8544
3473;3074
3474;3533
3475;9990
3476;4676
3477;9579
3478;2138
3479;7653
3480;6366
3481;7992
3482;4360
3483;7983
3484;2481
3485;8054
3486;6877
3487;5410
3488;8430
3489;4452
3490;3099
3491;6880
3492;1974
3493;7095
3494;9542
3495;5510
3496;10526
3497;4448
3498;7323
3499;5196
3500;9767
3501;2097
3502;1959
3503;10861
3504;9349
3505;2413
3506;4507
3507;9328
3508;10744
3509;1134
3510;8893
3511;1491
3512;3923
3513;7477
3514;8161
3515;4613
3516;1315
3517;4661
3518;7969
3519;8262
3520;10063
3521;7336
3522;9595
3523;7881
3524;6213
3525;8128
3526;3066
3527;10397
3528;7813
3529;10472
3530;2308
3531;6400
3532;6312
3533;10352
3534;5631
3535;8259
3536;9332
3537;2146
3538;9264
3539;8399
3540;6638
3541;6274
3542;2186
3543;8412
3544;7834
3545;10379
3546;4506
3547;9085
3548;7979
3549;4870
3550;6376
3551;10497
3552;4945
3553;8167
3554;4558
3555;7309
3556;5471
3557;4579
3558;5031
3559;9015
3560;1798
3561;9605
3562;6251
3563;6787
3564;4211
3565;4512
3566;8857
3567;4825
3568;9202
3569;9971
3570;1122
3571;2575
3572;5310
3573;8535
3574;2645
3575;2157
3576;9364
3577;4326
3578;7740
3579;6091
3580;4165
3581;7847
3582;1341
3583;9023
3584;7177
3585;7616
3586;1636
3587;7172
3588;3431
3589;4667
3590;5042
3591;3842
3592;3083
3593;1185
3594;1242
3595;8539
3596;4177
3597;3960
3598;7166
3599;10961
3600;6997
3601;8629
3602;1328
3603;5712
3604;1095
3605;3042
3606;10628
3607;8500
3608;9411
3609;5766
3610;8504
3611;5928
3612;6743
3613;5304
3614;10795
3615;8272
3616;5172
3617;6687
3618;6590
3619;3742
3620;1244
3621;8535
3622;2214
3623;1530
3624;3268
3625;4745
3626;9498
3627;7929
3628;2836
3629;1332
3630;1067
3631;5747
3632;8564
3633;1863
3634;8592
3635;3568
3636;8030
3637;4771
3638;3929
3639;7099
3640;9020
3641;10384
3642;9484
3643;3379
3644;10329
3645;1744
3646;3417
3647;6872
3648;2550
3649;10319
3650;1351
3651;2254
3652;8489
3653;4623
3654;4323
3655;7052
3656;2076
3657;8818
3658;2965
3659;6947
3660;9798
3661;6321
3662;10873
3663;7645
3664;7128
3665;10562
3666;2016
3667;2488
3668;2023
3669;4950
3670;4330
3671;2037
3672;10735
3673;2385
3674;5287
3675;8738
3676;7447
3677;8650
3678;10197
3679;10113
3680;4615
3681;5802
3682;6845
3683;5294
3684;5806
3685;7121
3686;10089
3687;6443
3688;6337
3689;9068
3690;1242
3691;10353
3692;1014
3693;7608
3694;6447
3695;6744
3696;9984
3697;5732
3698;2627
3699;5373
3700;2100
3701;1909
3702;9812
3703;7764
3704;9812
3705;4060
3706;3126
3707;3249
3708;5981
3709;7117
3710;7921
3711;9528
3712;3807
3713;1766
3714;1315
3715;3986
3716;6153
3717;9154
3718;2494
3719;2226
3720;1553
3721;6578
3722;3829
3723;4494
3724;4481
3725;6911
3726;2604
3727;2700
3728;9657
3729;7776
3730;1600
3731;3678
3732;3895
3733;3904
3734;10165
3735;2957
3736;6877
3737;4429
3738;3025
3739;1314
3740;6809
3741;3690
3742;9248
3743;9906
3744;5305
3745;10429
3746;4239
3747;1410
3748;6273
3749;8391
3750;4940
3751;5319
3752;8051
3753;7896
3754;3633
3755;9797
3756;7961
3757;1710
3758;8800
3759;5605
3760;4642
3761;6974
3762;4067
3763;1279
3764;6531
3765;9131
3766;9756
3767;1220
3768;10265
3769;7445
3770;6928
3771;8178
3772;1058
3773;1653
3774;5373
3775;7824
3776;4267
3777;10837
3778;8022
3779;2511
3780;8564
3781;5019
3782;3288
3783;6102
3784;7705
3785;9726
3786;6751
3787;4211
3788;4733
3789;3162
3790;8830
3791;9866
3792;9168
3793;3311
3794;5077
3795;10113
3796;3036
3797;2314
3798;1766
3799;2769
3800;3564
3801;5304
3802;9622
3803;4948
3804;3338
3805;8477
3806;2554
3807;6635
3808;10172
3809;3508
3810;8460
3811;5400
3812;2684
3813;2134
3814;5608
3815;10017
3816;3164
3817;5420
3818;10781
3819;10818
3820;7223
3821;6454
3822;3242
3823;8124
3824;1863
3825;1867
3826;3840
3827;6792
3828;2675
3829;7402
3830;8515
3831;2623
3832;9236
3833;2828
3834;5414
3835;8639
3836;2373
3837;5551
3838;8424
3839;8695
3840;1578
3841;6516
3842;9490
3843;6126
3844;2591
3845;6618
3846;3721
3847;2589
3848;5966
3849;10099
3850;4692
3851;10421
3852;4557
3853;7479
3854;9747
3855;6484
3856;10235
3857;10226
3858;7641
3859;4961
3860;9301
3861;6109
3862;4336
3863;7950
3864;8834
3865;3824
3866;8130
3867;5316
3868;3259
3869;3872
3870;1249
3871;4171
3872;7266
3873;1069
3874;4008
3875;3540
3876;1747
3877;3210
3878;10866
3879;5536
3880;10462
3881;7620
3882;4111
3883;6726
3884;10237
3885;2376
3886;8627
3887;4541
3888;4374
3889;2742
3890;3324
3891;8465
3892;10784
3893;6672
3894;5940
3895;8822
3896;10787
3897;2935
3898;2512
3899;6834
3900;10765
3901;4124
3902;9900
3903;8941
3904;6391
3905;1128
3906;2689
3907;10392
3908;3633
3909;7832
3910;7800
3911;1388
3912;7278
3913;10017
3914;8312
3915;3495
3916;9971
3917;8186
3918;2213
3919;2946
3920;8346
3921;7131
3922;10496
3923;9802
3924;7913
3925;7830
3926;2660
3927;4450
3928;5007
3929;6266
3930;2578
3931;9153
3932;5840
3933;7654
3934;10169
3935;5180
3936;1578
3937;7415
3938;10244
3939;2461
3940;10092
3941;3393
3942;6301
3943;5583
3944;2579
3945;4069
3946;2468
3947;7375
3948;10712
3949;8496
3950;8829
3951;2452
3952;5236
3953;7219
3954;3780
3955;6427
3956;7339
3957;10040
3958;4958
3959;7207
3960;10333
3961;1545
3962;5031
3963;1794
3964;3576
3965;8483
3966;4478
3967;2106
3968;9788
3969;1506
3970;7375
3971;2411
3972;10900
3973;9173
3974;6026
3975;3779
3976;10389
3977;6541
3978;5377
3979;3943
3980;9975
3981;6920
3982;2196
3983;2360
3984;7348
3985;3891
3986;7469
3987;4489
3988;3530
3989;4590
3990;5816
3991;4235
3992;6154
3993;7228
3994;8047
3995;9113
3996;7365
3997;10438
3998;6056
3999;5151
4000;10388
4001;9303
4002;2237
4003;4565
4004;7028
4005;7268
4006;10286
4007;3440
4008;4413
4009;2307
4010;9455
4011;1835
4012;5960
4013;5453
4014;10401
4015;7308
4016;3855
4017;5151
4018;8306
4019;1063
4020;2660
4021;10335
4022;9019
4023;2628
4024;1640
4025;7612
4026;9619
4027;4716
4028;5888
4029;6326
4030;9183
4031;6371
4032;6620
4033;3932
4034;4919
4035;3004
4036;5658
4037;7515
4038;4028
4039;3392
4040;2586
4041;8686
4042;1285
4043;6510
4044;4968
4045;10563
4046;7991
4047;6417
4048;7143
4049;10754
4050;9880
4051;2229
4052;4853
4053;9811
4054;5751
4055;8485
4056;10162
4057;4724
4058;5814
4059;8263
4060;7281
4061;9807
4062;9900
4063;3749
4064;6565
4065;3619
4066;9616
4067;8017
4068;6172
4069;8196
4070;7092
4071;10921
4072;4107
4073;5341
4074;3018
4075;3009
4076;3740
4077;4137
4078;8504
4079;6980
4080;3803
4081;8958
4082;2141
4083;10238
4084;4961
4085;10441
4086;8381
4087;6464
4088;10019
4089;9421
4090;3298
4091;8504
4092;2373
4093;6523
4094;10933
4095;4158
4096;3814
4097;1053
4098;2864
4099;7737
4100;9592
4101;7427
4102;4408
4103;8691
4104;3609
4105;2338
4106;4191
4107;6608
4108;3878
4109;7982
4110;8764
4111;8175
4112;4688
4113;2374
4114;10966
4115;5234
4116;7278
4117;3366
4118;2383
4119;4943
4120;5937
4121;5497
4122;8008
4123;3836
4124;8853
4125;9071
4126;9926
4127;10366
4128;10077
4129;5788
4130;10972
4131;3032
4132;3312
4133;5124
4134;1997
4135;4706
4136;10990
4137;4770
4138;7128
4139;2580
4140;3078
4141;7201
4142;9780
4143;3367
4144;4473
4145;6482
4146;3074
4147;7833
4148;5876
4149;2219
4150;5466
4151;1988
4152;5817
4153;3284
4154;5417
4155;9559
4156;9918
4157;1690
4158;10438
4159;8228
4160;2441
4161;6691
4162;10937
4163;1149
4164;4521
4165;3006
4166;8513
4167;3357
4168;5640
4169;10059
4170;7763
4171;3178
4172;6459
4173;4103
4174;10654
4175;1144
4176;7878
4177;7319
4178;8407
4179;2966
4180;4868
4181;4854
4182;6064
4183;7198
4184;10730
4185;4502
4186;10256
4187;5443
4188;7175
4189;9554
4190;1143
4191;1910
4192;6699
4193;6839
4194;8324
4195;8402
4196;4345
4197;6377
4198;8288
4199;1180
4200;10812
4201;10830
4202;5675
4203;3590
4204;1333
4205;6031
4206;10405
4207;4313
4208;9812
4209;6734
4210;5360
4211;7306
4212;5440
4213;7466
4214;8517
4215;2181
4216;8849
4217;4647
4218;3424
4219;1830
4220;10976
4221;10021
4222;4822
4223;3021
4224;5825
4225;7776
4226;6333
4227;3296
4228;6132
4229;2003
4230;3192
4231;9909
4232;2193
4233;7816
4234;10857
4235;1285
4236;8653
4237;7012
4238;4270
4239;4220
4240;7554
4241;2722
4242;10172
4243;3861
4244;5909
4245;4471
4246;9305
4247;10658
4248;5381
4249;9229
4250;3203
4251;6105
4252;7864
4253;10770
4254;2530
4255;10288
4256;5687
4257;7691
4258;4863
4259;4641
4260;4873
4261;10052
4262;5976
4263;5179
4264;8121
4265;6552
4266;10194
4267;9609
4268;7451
4269;5888
4270;4059
4271;6189
4272;9494
4273;6531
4274;5647
4275;7782
4276;6732
4277;7576
4278;1048
4279;7919
4280;7256
4281;8409
4282;5877
4283;6570
4284;7797
4285;10926
4286;7202
4287;5316
4288;4038
4289;4405
4290;3796
4291;5026
4292;4248
4293;2749
4294;4125
4295;1689
4296;6592
4297;8320
4298;4992
4299;2027
4300;7661
4301;9898
4302;10998
4303;7099
4304;2929
4305;8286
4306;10641
4307;9433
4308;6605
4309;9904
4310;6939
4311;7221
4312;1065
4313;7854
4314;2013
4315;9301
4316;7289
4317;10283
4318;7671
4319;4218
4320;7995
4321;7072
4322;2129
4323;6478
4324;6359
4325;10380
4326;8041
4327;1462
4328;7087
4329;4903
4330;4720
4331;6604
4332;8642
4333;8493
4334;5647
4335;6350
4336;7171
4337;1770
4338;10956
4339;2943
4340;9950
4341;6646
4342;5655
4343;10737
4344;6236
4345;10314
4346;8580
4347;1827
4348;6934
4349;1772
4350;8352
4351;4596
4352;10318
4353;9623
4354;6182
4355;5570
4356;3981
4357;1154
4358;2146
4359;9621
4360;2882
4361;9534
4362;9265
4363;3722
4364;8770
4365;7253
4366;4192
4367;8866
4368;4112
4369;7393
4370;3539
4371;10445
4372;5635
4373;6473
4374;4744
4375;1508
4376;6847
4377;5350
4378;1510
4379;2663
4380;5590
4381;5399
4382;10249
4383;6688
4384;3518
4385;4974
4386;9975
4387;5702
4388;9235
4389;6148
4390;1407
4391;1851
4392;10110
4393;10072
4394;6027
4395;7259
4396;6048
4397;1979
4398;5185
4399;10239
4400;2103
4401;4923
4402;3462
4403;7868
4404;9484
4405;5444
4406;7963
4407;6392
4408;7661
4409;3823
4410;6865
4411;6111
4412;8307
4413;2801
4414;4617
4415;2264
4416;2276
4417;2505
4418;2960
4419;5176
4420;5545
4421;1919
4422;5820
4423;6579
4424;5561
4425;7681
4426;4906
4427;5027
4428;2231
4429;9000
4430;7394
4431;2589
4432;4517
4433;8781
4434;9905
4435;5531
4436;1050
4437;4252
4438;5653
4439;7271
4440;3017
4441;6588
4442;9637
4443;4422
4444;1542
4445;1118
4446;5261
4447;4852
4448;1287
4449;6640
4450;4309
4451;8134
4452;8927
4453;9570
4454;2788
4455;3344
4456;3039
4457;3524
4458;6124
4459;6556
4460;7472
4461;2443
4462;10361
4463;5114
4464;6856
4465;5071
4466;4574
4467;1817
4468;4638
4469;5708
4470;6926
4471;2200
4472;5601
4473;9897
4474;7255
4475;1085
4476;6848
4477;5839
4478;7733
4479;5780
4480;2615
4481;1704
4482;5580
4483;5978
4484;1669
4485;3060
4486;4528
4487;6241
4488;6079
4489;9831
4490;4060
4491;3300
4492;5631
4493;3693
4494;8521
4495;3531
4496;1993
4497;3305
4498;6862
4499;4851
4500;8612
4501;6549
4502;4521
4503;9969
4504;4898
4505;3507
4506;10973
4507;2649
4508;7334
4509;1394
4510;4817
4511;9669
4512;5457
4513;5759
4514;1868
4515;7721
4516;8851
4517;2511
4518;6366
4519;1432
4520;3611
4521;10600
4522;1033
4523;6237
4524;4906
4525;4680
4526;4292
4527;2945
4528;10496
4529;3568
4530;3069
4531;4646
4532;4719
4533;7503
4534;5234
4535;4342
4536;1841
4537;1088
4538;1304
4539;5509
4540;10076
4541;6412
4542;4500
4543;4617
4544;4899
4545;8404
4546;6229
4547;1057
4548;3708
4549;2779
4550;5412
4551;5022
4552;9508
4553;5932
4554;4313
4555;10379
4556;8969
4557;8371
4558;3670
4559;5037
4560;7231
4561;9961
4562;1010
4563;3083
4564;5012
4565;1299
4566;9836
4567;8243
4568;2170
4569;2031
4570;6908
4571;10304
4572;5360
4573;6989
4574;3351
4575;7575
4576;1057
4577;6832
4578;5828
4579;2677
4580;9735
4581;7796
4582;8074
4583;5108
4584;1876
4585;9328
4586;3074
4587;8268
4588;4332
4589;10242
4590;5812
4591;8619
4592;8309
4593;1704
4594;2658
4595;5652
4596;1747
4597;3687
4598;5848
4599;4439
4600;10387
4601;5099
4602;7550
4603;5206
4604;3467
4605;7411
4606;10584
4607;5449
4608;10381
4609;2463
4610;10008
4611;10925
4612;8892
4613;4974
4614;2906
4615;3781
4616;7669
4617;4098
4618;6870
4619;2743
4620;10957
4621;10239
4622;4620
4623;3487
4624;3943
4625;1075
4626;7389
4627;4440
4628;10207
4629;7139
4630;10516
4631;5718
4632;1252
4633;1033
4634;8279
4635;7404
4636;3552
4637;10540
4638;3243
4639;4089
4640;7367
4641;7513
4642;3129
4643;10928
4644;6049
4645;10356
4646;7690
4647;7179
4648;2398
4649;6502
4650;9558
4651;4365
4652;1118
4653;4041
4654;1706
4655;6608
4656;4418
4657;5895
4658;6434
4659;3861
4660;8858
4661;7368
4662;1804
4663;2180
4664;7660
4665;3255
4666;3139
4667;1804
4668;4025
4669;8638
4670;9979
4671;9026
4672;5290
4673;9246
4674;1710
4675;5260
4676;7311
4677;2975
4678;9751
4679;1234
4680;10489
4681;7924
4682;4350
4683;8262
4684;2778
4685;6868
4686;6208
4687;10727
4688;5311
4689;5303
4690;5580
4691;8071
4692;3571
4693;2075
4694;10125
4695;10169
4696;9422
4697;1790
4698;9463
4699;6236
4700;3245
4701;3797
4702;8123
4703;4709
4704;7976
4705;8355
4706;1704
4707;10305
4708;10233
4709;1881
4710;5359
4711;7270
4712;3143
4713;2847
4714;8296
4715;9582
4716;7412
4717;10349
4718;4365
4719;6392
4720;3772
4721;9653
4722;5615
4723;2539
4724;6383
4725;1662
4726;3788
4727;7707
4728;9666
4729;3878
4730;1990
4731;5062
4732;9962
4733;5735
4734;8395
4735;5766
4736;4028
4737;5549
4738;3532
4739;7918
4740;2017
4741;2744
4742;10785
4743;10794
4744;5675
4745;4786
4746;5822
4747;7706
4748;7003
4749;3654
4750;4872
4751;6617
4752;9644
4753;10190
4754;1407
4755;2446
4756;8391
4757;10727
4758;7999
4759;2102
4760;10062
4761;8406
4762;1415
4763;4548
4764;6932
4765;6627
4766;5494
4767;2248
4768;9898
4769;7028
4770;8705
4771;10456
4772;3899
4773;6308
4774;5052
4775;4257
4776;4590
4777;7223
4778;10988
4779;3017
4780;10306
4781;7880
4782;4260
4783;5009
4784;1129
4785;9110
4786;5165
4787;4384
4788;1866
4789;4030
4790;8805
4791;2239
4792;8162
4793;4688
4794;5351
4795;10329
4796;3528
4797;2951
4798;5285
4799;1323
4800;3621
4801;4329
4802;4993
4803;6141
4804;5167
4805;6868
4806;7173
4807;2277
4808;10654
4809;1759
4810;5564
4811;2027
4812;1754
4813;6230
4814;2065
4815;3672
4816;7507
4817;10439
4818;7512
4819;6799
4820;1501
4821;5499
4822;9295
4823;2441
4824;8207
4825;3330
4826;4928
4827;7017
4828;7410
4829;4855
4830;1355
4831;9674
4832;9312
4833;7058
4834;1125
4835;2046
4836;6911
4837;4519
4838;10047
4839;5812
4840;9217
4841;8863
4842;7373
4843;9112
4844;8604
4845;6654
4846;1091
4847;8418
4848;6837
4849;4962
4850;9389
4851;8925
4852;9696
4853;8839
4854;4091
4855;2311
4856;7094
4857;6728
4858;2667
4859;3356
4860;9948
4861;1185
4862;5577
4863;2272
4864;8963
4865;2069
4866;10711
4867;3305
4868;6409
4869;5593
4870;3362
4871;6029
4872;1767
4873;5618
4874;4691
4875;7526
4876;10545
4877;10915
4878;10727
4879;1635
4880;3464
4881;2867
4882;1147
4883;1435
4884;1504
4885;10712
4886;8439
4887;8236
4888;7389
4889;2127
4890;3239
4891;5864
4892;3132
4893;8479
4894;7081
4895;10527
4896;7798
4897;1864
4898;7827
4899;1463
4900;2425
4901;7623
4902;10219
4903;7657
4904;2123
4905;3121
4906;6936
4907;6411
4908;10377
4909;10889
4910;5986
4911;10115
4912;1473
4913;9564
4914;5949
4915;9702
4916;5896
4917;7319
4918;4320
4919;9778
4920;4383
4921;9493
4922;8818
4923;8825
4924;8402
4925;10524
4926;2988
4927;4900
4928;6454
4929;2701
4930;2552
4931;1466
4932;8746
4933;1567
4934;6419
4935;1755
4936;7901
4937;3570
4938;4451
4939;6117
4940;3149
4941;6957
4942;4198
4943;8254
4944;10713
4945;7025
4946;9360
4947;7460
4948;10504
4949;1464
4950;6940
4951;2545
4952;10481
4953;4567
4954;2067
4955;6420
4956;3352
4957;3864
4958;10391
4959;7795
4960;4540
4961;3276
4962;1669
4963;7850
4964;8123
4965;3318
4966;8109
4967;4753
4968;5139
4969;1990
4970;10282
4971;1582
4972;9511
4973;3610
4974;8186
4975;6536
4976;10124
4977;10106
4978;9139
4979;5967
4980;4734
4981;1760
4982;5506
4983;5233
4984;6771
4985;7044
4986;2913
4987;5616
4988;6773
4989;2915
4990;9272
4991;5191
4992;5659
4993;4237
4994;7634
4995;3020
4996;5539
4997;2679
4998;5392
4999;4565
5000;1951
5001;2912
5002;6049
5003;10314
5004;4366
5005;10887
5006;4930
5007;9623
5008;9367
5009;10658
5010;1638
5011;10431
5012;5932
5013;5578
5014;7798
5015;2543
5016;10214
5017;10642
5018;10415
5019;1604
5020;7161
5021;2838
5022;3862
5023;5994
5024;8778
5025;2839
5026;10932
5027;9233
5028;1340
5029;3827
5030;9367
5031;1854
5032;4851
5033;4383
5034;8738
5035;5433
5036;4015
5037;3304
5038;10208
5039;6746
5040;2264
5041;8703
5042;10434
5043;2288
5044;4638
5045;5211
5046;1461
5047;2027
5048;8215
5049;9872
5050;6955
5051;9041
5052;4571
5053;7720
5054;9371
5055;7615
5056;4664
5057;7075
5058;2447
5059;2782
5060;6028
5061;10464
5062;3709
5063;10084
5064;1370
5065;8063
5066;6999
5067;9793
5068;4677
5069;9857
5070;5661
5071;9727
5072;7917
5073;9249
5074;9853
5075;1698
5076;3499
5077;6679
5078;9789
5079;3725
5080;9447
5081;5469
5082;1010
5083;8521
5084;9252
5085;4552
5086;9916
5087;3223
5088;5124
5089;5632
5090;1692
5091;1614
5092;5920
5093;3287
5094;7892
5095;10846
5096;8795
5097;7083
5098;10743
5099;2331
5100;3375
5101;8931
5102;1337
5103;2843
5104;3187
5105;7360
5106;10879
5107;2653
5108;8775
5109;3573
5110;3467
5111;10812
5112;2322
5113;8965
5114;6194
5115;4627
5116;4812
5117;8283
5118;4356
5119;6724
5120;10471
5121;7555
5122;9851
5123;4285
5124;5206
5125;1511
5126;10222
5127;3848
5128;7711
5129;8813
5130;5368
5131;6395
5132;3477
5133;9987
5134;6790
5135;8838
5136;6511
5137;1648
5138;6240
5139;8255
5140;10811
5141;2815
5142;7512
5143;10749
5144;5592
5145;1336
5146;4221
5147;1914
5148;9850
5149;2912
5150;7215
5151;9013
5152;9117
5153;9389
5154;8416
5155;4985
5156;10606
5157;10796
5158;4143
5159;6158
5160;10954
5161;2471
5162;7733
5163;8039
5164;5703
5165;9842
5166;8528
5167;8220
5168;5883
5169;5128
5170;10667
5171;4971
5172;7544
5173;1451
5174;2775
5175;3783
5176;4269
5177;4592
5178;3266
5179;9636
5180;1097
5181;10705
5182;4672
5183;7563
5184;5375
5185;10247
5186;9580
5187;2345
5188;10685
5189;4598
5190;10295
5191;3190
5192;6761
5193;10151
5194;3890
5195;3712
5196;6099
5197;4883
5198;9424
5199;10188
5200;3573
5201;4998
5202;3797
5203;2203
5204;3466
5205;3619
5206;9436
5207;2526
5208;5368
5209;7407
5210;8488
5211;4973
5212;3471
5213;9352
5214;6403
5215;2892
5216;9347
5217;8939
5218;1397
5219;1053
5220;7722
5221;1070
5222;1702
5223;2658
5224;2584
5225;7319
5226;3065
5227;9225
5228;1544
5229;9242
5230;6583
5231;10240
5232;9909
5233;7109
5234;6637
5235;5906
5236;10474
5237;2543
5238;5578
5239;10899
5240;4879
5241;6186
5242;1990
5243;10936
5244;10337
5245;8295
5246;8255
5247;10933
5248;3871
5249;2787
5250;4407
5251;1284
5252;9095
5253;8001
5254;9047
5255;4818
5256;3008
5257;5853
5258;2870
5259;8079
5260;6799
5261;10976
5262;10562
5263;1147
5264;8671
5265;8013
5266;3010
5267;5217
5268;9920
5269;2875
5270;8926
5271;4626
5272;6091
5273;6583
5274;2052
5275;5363
5276;7937
5277;2564
5278;10046
5279;3817
5280;9626
5281;6645
5282;7885
5283;7336
5284;2984
5285;3659
5286;6183
5287;4067
5288;5223
5289;4497
5290;10071
5291;1928
5292;10473
5293;6694
5294;7075
5295;1116
5296;6737
5297;4702
5298;4655
5299;7713
5300;7682
5301;8489
5302;3651
5303;10793
5304;10449
5305;4060
5306;7750
5307;8895
5308;10680
5309;2745
5310;2571
5311;10466
5312;2101
5313;4116
5314;10299
5315;5838
5316;7686
5317;5495
5318;4386
5319;10073
5320;6949
5321;10718
5322;3759
5323;7482
5324;2925
5325;7982
5326;6225
5327;5079
5328;3571
5329;7519
5330;8721
5331;2811
5332;10916
5333;9891
5334;5784
5335;8712
5336;1892
5337;4011
5338;5010
5339;2265
5340;9297
5341;1127
5342;10150
5343;6891
5344;8871
5345;6678
5346;1912
5347;2977
5348;4385
5349;4819
5350;3451
5351;7063
5352;1825
5353;6322
5354;7372
5355;7223
5356;9399
5357;7198
5358;3419
5359;8313
5360;9031
5361;3328
5362;10419
5363;9148
5364;8721
5365;8908
5366;10202
5367;2137
5368;9922
5369;10985
5370;6981
5371;5141
5372;3699
5373;7307
5374;9995
5375;7129
5376;4894
5377;3793
5378;6529
5379;1380
5380;10107
5381;6424
5382;1142
5383;8131
5384;5805
5385;2040
5386;2046
5387;8565
5388;2723
5389;4110
5390;8955
5391;4720
5392;9555
5393;10624
5394;4976
5395;9979
5396;5112
5397;7152
5398;2631
5399;10277
5400;9964
5401;7837
5402;6008
5403;10130
5404;4191
5405;9889
5406;4707
5407;9935
5408;2439
5409;2266
5410;3518
5411;8947
5412;1454
5413;8414
5414;1765
5415;2355
5416;1381
5417;10804
5418;1618
5419;8749
5420;2207
5421;3235
5422;1679
5423;4916
5424;2735
5425;7401
5426;1296
5427;5557
5428;3698
5429;6496
5430;4909
5431;7696
5432;6811
5433;4052
5434;6805
5435;3235
5436;3738
5437;8327
5438;7502
5439;7394
5440;2131
5441;8481
5442;10425
5443;8031
5444;2889
5445;1536
5446;3714
5447;6070
5448;5556
5449;1695
5450;6064
5451;3560
5452;7195
5453;6128
5454;1405
5455;2607
5456;7243
5457;5878
5458;6343
5459;5335
5460;5031
5461;3528
5462;8949
5463;1131
5464;8455
5465;6294
5466;7696
5467;1438
5468;3693
5469;10652
5470;7384
5471;5188
5472;5792
5473;10788
5474;3754
5475;8810
5476;3964
5477;5969
5478;6315
5479;2004
5480;2449
5481;2930
5482;1539
5483;5489
5484;7178
5485;5769
5486;2624
5487;5649
5488;5607
5489;8627
5490;4901
5491;9337
5492;1309
5493;5008
5494;9780
5495;6664
5496;8953
5497;5018
5498;6990
5499;2708
5500;9504
5501;4942
5502;4139
5503;7288
5504;10255
5505;9311
5506;5148
5507;4380
5508;7688
5509;4106
5510;10284
5511;9326
5512;4465
5513;4248
5514;6033
5515;4766
5516;7359
5517;2970
5518;3303
5519;4552
5520;8063
5521;1182
5522;6452
5523;2390
5524;10012
5525;3314
5526;5522
5527;6977
5528;2204
5529;5588
5530;10060
5531;4242
5532;4603
5533;2134
5534;5019
5535;6785
5536;7935
5537;8501
5538;1691
5539;7385
5540;1924
5541;6606
5542;8625
5543;7441
5544;8189
5545;10575
5546;9003
5547;5653
5548;3906
5549;9678
5550;5143
5551;8613
5552;1893
5553;1683
5554;3023
5555;9937
5556;6330
5557;2065
5558;10501
5559;2965
5560;8175
5561;4306
5562;4401
5563;7271
5564;1097
5565;4629
5566;8011
5567;4371
5568;5160
5569;6658
5570;2023
5571;9992
5572;1151
5573;3790
5574;9451
5575;9668
5576;3018
5577;8539
5578;6650
5579;7190
5580;5123
5581;9970
5582;3081
5583;9223
5584;4021
5585;6763
5586;3662
5587;2977
5588;10551
5589;10826
5590;2151
5591;6353
5592;7435
5593;6660
5594;4147
5595;7042
5596;2076
5597;4104
5598;8720
5599;4368
5600;8903
5601;9752
5602;8140
5603;8778
5604;10061
5605;4105
5606;8273
5607;4529
5608;10223
5609;4381
5610;2575
5611;3972
5612;10795
5613;3483
5614;4200
5615;2816
5616;7363
5617;1119
5618;10052
5619;5481
5620;4013
5621;6309
5622;9542
5623;2556
5624;3905
5625;5920
5626;5944
5627;4857
5628;10680
5629;7546
5630;2243
5631;6185
5632;2951
5633;7639
5634;10140
5635;8105
5636;1074
5637;1365
5638;8079
5639;5129
5640;3417
5641;1525
5642;3322
5643;6157
5644;9725
5645;8602
5646;3417
5647;10270
5648;7627
5649;1718
5650;9500
5651;2392
5652;10178
5653;3001
5654;8647
5655;9418
5656;5383
5657;10352
5658;9541
5659;7661
5660;3135
5661;2053
5662;6142
5663;1633
5664;7212
5665;1411
5666;3596
5667;9172
5668;4362
5669;1854
5670;6027
5671;8234
5672;2568
5673;2923
5674;3452
5675;5453
5676;5278
5677;3892
5678;1545
5679;10189
5680;9951
5681;7498
5682;5655
5683;8880
5684;3236
5685;4642
5686;7446
5687;2318
5688;1786
5689;5173
5690;2058
5691;9529
5692;2282
5693;4477
5694;3383
5695;2227
5696;8750
5697;1355
5698;2621
5699;10032
5700;10622
5701;6464
5702;5196
5703;3933
5704;1914
5705;8442
5706;9166
5707;8830
5708;9051
5709;7287
5710;5365
5711;10246
5712;9778
5713;6625
5714;4280
5715;5977
5716;5015
5717;5011
5718;6109
5719;3781
5720;9801
5721;6126
5722;6486
5723;6195
5724;3264
5725;2096
5726;6187
5727;10855
5728;3818
5729;4888
5730;5729
5731;10022
5732;4338
5733;5212
5734;8279
5735;2491
5736;1812
5737;1034
5738;9586
5739;4048
5740;8626
5741;2687
5742;10375
5743;9028
5744;3125
5745;8659
5746;6752
5747;8704
5748;1548
5749;1190
5750;7513
5751;6963
5752;9420
5753;10614
5754;7788
5755;2865
5756;3211
5757;9694
5758;4546
5759;1451
5760;1936
5761;10147
5762;3798
5763;4321
5764;5272
5765;5147
5766;8578
5767;4629
5768;9975
5769;8913
5770;4569
5771;2229
5772;7778
5773;3892
5774;10493
5775;2462
5776;8769
5777;9842
5778;5974
5779;9334
5780;8374
5781;3941
5782;8821
5783;5706
5784;9397
5785;5199
5786;2557
5787;6296
5788;10557
5789;2730
5790;4070
5791;6900
5792;8135
5793;2891
5794;1104
5795;6513
5796;10130
5797;4626
5798;10619
5799;7058
5800;4360
5801;8998
5802;8777
5803;8146
5804;6369
5805;5248
5806;9335
5807;9947
5808;6860
5809;9879
5810;1693
5811;7374
5812;1213
5813;3215
5814;9621
5815;9819
5816;9035
5817;8940
5818;1930
5819;6398
5820;6807
5821;5331
5822;10428
5823;2022
5824;3240
5825;6372
5826;10653
5827;2857
5828;6107
5829;1593
5830;1432
5831;4862
5832;2621
5833;3474
5834;3342
5835;8856
5836;6728
5837;4764
5838;2006
5839;8498
5840;5947
5841;3131
5842;10136
5843;4534
5844;8250
5845;3231
5846;3670
5847;3812
5848;6344
5849;6308
5850;8741
5851;6116
5852;10389
5853;9979
5854;9555
5855;9757
5856;7470
5857;7611
5858;7128
5859;8529
5860;5083
5861;3297
5862;8021
5863;3654
5864;2034
5865;3162
5866;2516
5867;7078
5868;3012
5869;10830
5870;6243
5871;5900
5872;7643
5873;9113
5874;10809
5875;8461
5876;6960
5877;3695
5878;8847
5879;2776
5880;1272
5881;8160
5882;3345
5883;6197
5884;1314
5885;4940
5886;2473
5887;5021
5888;10071
5889;2723
5890;2704
5891;9209
5892;7973
5893;7075
5894;4522
5895;9707
5896;9057
5897;2040
5898;10346
5899;1996
5900;7637
5901;6386
5902;4447
5903;10590
5904;3325
5905;1519
5906;2350
5907;2087
5908;2928
5909;7001
5910;1037
5911;2045
5912;3241
5913;2125
5914;8629
5915;1368
5916;10903
5917;2050
5918;4915
5919;10505
5920;1069
5921;8914
5922;6671
5923;1117
5924;4803
5925;10548
5926;6347
5927;9526
5928;8569
5929;4927
5930;7928
5931;3816
5932;3367
5933;6013
5934;7280
5935;1595
5936;1264
5937;5503
5938;7244
5939;10533
5940;4944
5941;8822
5942;10261
5943;6095
5944;2095
5945;8954
5946;8358
5947;7418
5948;2403
5949;6820
5950;2841
5951;2435
5952;6546
5953;5041
5954;7838
5955;5120
5956;10977
5957;1810
5958;2138
5959;3752
5960;10323
5961;7030
5962;7928
5963;2402
5964;2898
5965;9315
5966;5203
5967;6862
5968;5789
5969;5338
5970;6431
5971;9950
5972;3756
5973;3384
5974;7040
5975;2388
5976;7281
5977;9330
5978;3548
5979;1748
5980;8478
5981;4372
5982;8456
5983;8352
5984;9136
5985;1653
5986;5480
5987;9415
5988;3803
5989;9507
5990;9180
5991;7270
5992;6516
5993;7769
5994;3910
5995;4100
5996;9198
5997;1509
5998;1740
5999;6546
6000;5572
6001;8114
6002;2346
6003;2024
6004;4308
6005;5432
6006;8171
6007;7976
6008;1524
6009;4323
6010;9776
6011;4378
6012;5271
6013;8849
6014;7232
6015;8991
6016;3494
6017;1893
6018;2152
6019;2462
6020;2079
6021;8260
6022;2585
6023;7982
6024;1457
6025;2167
6026;10850
6027;4486
6028;3858
6029;9047
6030;7874
6031;6671
6032;5511
6033;9971
6034;1764
6035;10684
6036;5523
6037;2542
6038;1018
6039;4967
6040;7032
6041;10897
6042;7410
6043;6247
6044;8083
6045;6581
6046;5474
6047;5944
6048;4984
6049;2148
6050;8566
6051;2083
6052;1251
6053;10857
6054;4838
6055;10232
6056;1641
6057;9141
6058;1178
6059;9197
6060;7014
6061;1312
6062;9218
6063;9378
6064;5935
6065;7853
6066;1700
6067;7014
6068;5534
6069;2823
6070;1388
6071;10302
6072;5575
6073;9323
6074;5159
6075;3096
6076;9787
6077;2066
6078;8252
6079;9605
6080;3234
6081;3485
6082;7589
6083;6881
6084;1146
6085;4489
6086;5564
6087;5755
6088;5441
6089;5459
6090;10280
6091;6593
6092;4225
6093;6973
6094;5726
6095;4912
6096;6255
6097;9574
6098;9740
6099;4875
6100;3826
6101;2781
6102;6538
6103;1934
6104;7027
6105;6606
6106;2061
6107;6102
6108;6741
6109;8510
6110;4238
6111;7100
6112;1070
6113;1974
6114;2062
6115;9728
6116;4200
6117;8412
6118;4794
6119;3346
6120;3358
6121;2037
6122;5643
6123;5005
6124;5869
6125;1936
6126;10296
6127;9312
6128;6686
6129;9287
6130;1417
6131;9166
6132;9833
6133;7038
6134;9143
6135;1121
6136;2002
6137;3741
6138;3433
6139;9974
6140;1088
6141;4970
6142;6829
6143;7385
6144;4027
6145;4929
6146;4046
6147;3038
6148;2378
6149;9302
6150;10574
6151;6807
6152;4059
6153;4151
6154;10067
6155;2509
6156;2021
6157;4276
6158;7346
6159;8225
6160;7135
6161;9272
6162;8070
6163;9729
6164;7924
6165;6015
6166;4071
6167;9318
6168;5724
6169;5806
6170;2773
6171;4062
6172;8443
6173;2084
6174;6794
6175;4076
6176;1277
6177;3287
6178;6285
6179;9958
6180;10414
6181;7348
6182;7059
6183;1780
6184;8105
6185;4979
6186;9646
6187;6791
6188;2753
6189;8325
6190;6362
6191;9251
6192;2695
6193;4018
6194;10862
6195;1755
6196;1915
6197;9048
6198;7620
6199;8745
6200;5703
6201;4819
6202;6310
6203;7995
6204;7575
6205;1276
6206;9516
6207;2253
6208;7140
6209;5834
6210;6279
6211;3793
6212;9666
6213;7434
6214;3491
6215;1785
6216;10167
6217;2601
6218;5085
6219;10951
6220;3070
6221;4663
6222;1058
6223;10896
6224;1650
6225;5590
6226;3894
6227;3020
6228;1078
6229;4681
6230;10519
6231;5227
6232;4211
6233;6577
6234;4551
6235;7777
6236;3561
6237;9289
6238;8590
6239;5477
6240;10639
6241;7612
6242;8970
6243;9544
6244;5823
6245;3134
6246;10369
6247;4429
6248;2139
6249;5265
6250;5949
6251;8310
6252;10863
6253;6401
6254;3979
6255;2592
6256;7268
6257;5325
6258;1846
6259;10284
6260;4801
6261;6863
6262;3992
6263;9938
6264;5251
6265;6848
6266;2007
6267;2948
6268;6584
6269;4571
6270;4639
6271;7211
6272;2487
6273;8158
6274;2762
6275;9288
6276;7754
6277;9196
6278;2249
6279;4704
6280;6726
6281;8103
6282;7874
6283;9825
6284;2041
6285;6492
6286;6047
6287;5784
6288;6966
6289;5041
6290;3083
6291;1813
6292;1357
6293;5082
6294;4332
6295;10507
6296;5240
6297;9874
6298;9876
6299;9711
6300;8668
6301;1477
6302;10285
6303;6908
6304;1302
6305;7839
6306;5046
6307;3148
6308;9763
6309;8923
6310;8258
6311;2388
6312;2394
6313;9783
6314;6761
6315;10609
6316;2645
6317;9913
6318;5440
6319;1482
6320;6875
6321;9673
6322;6980
6323;9578
6324;4691
6325;7147
6326;9577
6327;8913
6328;1867
6329;4516
6330;2190
6331;8362
6332;6382
6333;4216
6334;2310
6335;7902
6336;2872
6337;1667
6338;6892
6339;3476
6340;9848
6341;2871
6342;7900
6343;2041
6344;6344
6345;6857
6346;7109
6347;6104
6348;3639
6349;5415
6350;1830
6351;3852
6352;6619
6353;1512
6354;8085
6355;9815
6356;6707
6357;6162
6358;2404
6359;5651
6360;10608
6361;3105
6362;4484
6363;5644
6364;1379
6365;2183
6366;2038
6367;1317
6368;4121
6369;1342
6370;7360
6371;8753
6372;4821
6373;10231
6374;6553
6375;10112
6376;9240
6377;7810
6378;9060
6379;10684
6380;10635
6381;7028
6382;5618
6383;7274
6384;7574
6385;9278
6386;6061
6387;9004
6388;6224
6389;9547
6390;2932
6391;8705
6392;1395
6393;1697
6394;2168
6395;1088
6396;10071
6397;1600
6398;7070
6399;5968
6400;3077
6401;6866
6402;7893
6403;2348
6404;9609
6405;7075
6406;8771
6407;6745
6408;10769
6409;7656
6410;9054
6411;1104
6412;3541
6413;3125
6414;8653
6415;9258
6416;10328
6417;1914
6418;5083
6419;4946
6420;1174
6421;4643
6422;5145
6423;2375
6424;7719
6425;1006
6426;1937
6427;4281
6428;4017
6429;10285
6430;7524
6431;3478
6432;1498
6433;2585
6434;9057
6435;5271
6436;6077
6437;9239
6438;4733
6439;7202
6440;4600
6441;8821
6442;7824
6443;5516
6444;7375
6445;5910
6446;10571
6447;10538
6448;1492
6449;10400
6450;1668
6451;2003
6452;10994
6453;7519
6454;3348
6455;2750
6456;7654
6457;1044
6458;1091
6459;10129
6460;5615
6461;6247
6462;7573
6463;6639
6464;7039
6465;6218
6466;9824
6467;6492
6468;1266
6469;6706
6470;5538
6471;2962
6472;5627
6473;9539
6474;9839
6475;2948
6476;7282
6477;1773
6478;8748
6479;3354
6480;7266
6481;1123
6482;10213
6483;4532
6484;3467
6485;10244
6486;5707
6487;9870
6488;2705
6489;8745
6490;4543
6491;8717
6492;8612
6493;3449
6494;4096
6495;8782
6496;8179
6497;7711
6498;4767
6499;10556
6500;8961
6501;8964
6502;5252
6503;5919
6504;8288
6505;5468
6506;4578
6507;7330
6508;10625
6509;8804
6510;6217
6511;9375
6512;5932
6513;10624
6514;2073
6515;10532
6516;1370
6517;3547
6518;3705
6519;2998
6520;4134
6521;10543
6522;9663
6523;3966
6524;5051
6525;4220
6526;1723
6527;8279
6528;2031
6529;1636
6530;4009
6531;2940
6532;9593
6533;4731
6534;4966
6535;2132
6536;3851
6537;3672
6538;3871
6539;7581
6540;1673
6541;3586
6542;8174
6543;8566
6544;10527
6545;7921
6546;7421
6547;9693
6548;1400
6549;1211
6550;5269
6551;7625
6552;4416
6553;8748
6554;1580
6555;1085
6556;4204
6557;3634
6558;7657
6559;4393
6560;7349
6561;5955
6562;3190
6563;3820
6564;3260
6565;6224
6566;2626
6567;3634
6568;5377
6569;7139
6570;7519
6571;5045
6572;5798
6573;7957
6574;9338
6575;9263
6576;7723
6577;2580
6578;7284
6579;8435
6580;4808
6581;2208
6582;9502
6583;2205
6584;2348
6585;4890
6586;7839
6587;6035
6588;2685
6589;5953
6590;2806
6591;2728
6592;8069
6593;8616
6594;1422
6595;7415
6596;4387
6597;9688
6598;9800
6599;10513
6600;6085
6601;10429
6602;10084
6603;1270
6604;7688
6605;8339
6606;7904
6607;1906
6608;7448
6609;2039
6610;1611
6611;9204
6612;6565
6613;3440
6614;7053
6615;1195
6616;2751
6617;6302
6618;3408
6619;6939
6620;7717
6621;2905
6622;10495
6623;2020
6624;1103
6625;4926
6626;6921
6627;5954
6628;5815
6629;2670
6630;8874
6631;5377
6632;2227
6633;3797
6634;8190
6635;7478
6636;1408
6637;4647
6638;10603
6639;6184
6640;4911
6641;8171
6642;7121
6643;7184
6644;7073
6645;1829
6646;4666
6647;9538
6648;5457
6649;7142
6650;3252
6651;7093
6652;7031
6653;9720
6654;6121
6655;9044
6656;10756
6657;8187
6658;10084
6659;4513
6660;5535
6661;7012
6662;10027
6663;9206
6664;5710
6665;9915
6666;8890
6667;7188
6668;5865
6669;2256
6670;8867
6671;9625
6672;1580
6673;6922
6674;6489
6675;6091
6676;4069
6677;1013
6678;8830
6679;1996
6680;7223
6681;7670
6682;10596
6683;5836
6684;3593
6685;6248
6686;2704
6687;8335
6688;2409
6689;6061
6690;6586
6691;5547
6692;8402
6693;9317
6694;1685
6695;10744
6696;6347
6697;9247
6698;1950
6699;2986
6700;7926
6701;7513
6702;4948
6703;1285
6704;7742
6705;5422
6706;9907
6707;2374
6708;2921
6709;1420
6710;7129
6711;2664
6712;7337
6713;4404
6714;10040
6715;5882
6716;3991
6717;3114
6718;2095
6719;3206
6720;2175
6721;2957
6722;6229
6723;10484
6724;7002
6725;3554
6726;9004
6727;4095
6728;9098
6729;9824
6730;10711
6731;2739
6732;2838
6733;2423
6734;1606
6735;9901
6736;3289
6737;9304
6738;7028
6739;5499
6740;4880
6741;1172
6742;10439
6743;2003
6744;6485
6745;10008
6746;1603
6747;10907
6748;10190
6749;3269
6750;10681
6751;2014
6752;6829
6753;8815
6754;4003
6755;2789
6756;2510
6757;1496
6758;4200
6759;1867
6760;7315
6761;3466
6762;10284
6763;6528
6764;8386
6765;6464
6766;9730
6767;3717
6768;10968
6769;1820
6770;5574
6771;3661
6772;9586
6773;10882
6774;2057
6775;5911
6776;5878
6777;3955
6778;2678
6779;8687
6780;3560
6781;7558
6782;6921
6783;3016
6784;4138
6785;2979
6786;5379
6787;10488
6788;1238
6789;1279
6790;7573
6791;2250
6792;10993
6793;9266
6794;6704
6795;5527
6796;2641
6797;10816
6798;4340
6799;4544
6800;6971
6801;1862
6802;3383
6803;7546
6804;10812
6805;6312
6806;10755
6807;1544
6808;7523
6809;1486
6810;3716
6811;7494
6812;6116
6813;6702
6814;5368
6815;4478
6816;4345
6817;4503
6818;3717
6819;1543
6820;8269
6821;10923
6822;1946
6823;2586
6824;5492
6825;3174
6826;6926
6827;7539
6828;9660
6829;10027
6830;8989
6831;10811
6832;6542
6833;7656
6834;4033
6835;1122
6836;3050
6837;5885
6838;10097
6839;4100
6840;5288
6841;2477
6842;3217
6843;7089
6844;5185
6845;4005
6846;3268
6847;3803
6848;10373
6849;7279
6850;10645
6851;6438
6852;10857
6853;10855
6854;4394
6855;10545
6856;2810
6857;6416
6858;8377
6859;4754
6860;8427
6861;7119
6862;9863
6863;8731
6864;4704
6865;7579
6866;5958
6867;8380
6868;8155
6869;4050
6870;7201
6871;6517
6872;5340
6873;10565
6874;5825
6875;4798
6876;7559
6877;6016
6878;9175
6879;4319
6880;7597
6881;6473
6882;4559
6883;3836
6884;2091
6885;6836
6886;6703
6887;6571
6888;5042
6889;5644
6890;1562
6891;2086
6892;6746
6893;8867
6894;3205
6895;3917
6896;1272
6897;4626
6898;10698
6899;10845
6900;3560
6901;2721
6902;2835
6903;6847
6904;4723
6905;7688
6906;3147
6907;5430
6908;10213
6909;3570
6910;8701
6911;1128
6912;8387
6913;4931
6914;7961
6915;3850
6916;7545
6917;1202
6918;6455
6919;5942
6920;3249
6921;1116
6922;7089
6923;2555
6924;9731
6925;4962
6926;3754
6927;5594
6928;9312
6929;4179
6930;1673
6931;2869
6932;4595
6933;6228
6934;1173
6935;4167
6936;2750
6937;6858
6938;7860
6939;8503
6940;2348
6941;3187
6942;2619
6943;7671
6944;4536
6945;4599
6946;6206
6947;9058
6948;2438
6949;3660
6950;10918
6951;1511
6952;5592
6953;6168
6954;4901
6955;4687
6956;10486
6957;4552
6958;5059
6959;8328
6960;6947
6961;3373
6962;9311
6963;10444
6964;6525
6965;9256
6966;7882
6967;3411
6968;3899
6969;8908
6970;4656
6971;1173
6972;4736
6973;4098
6974;3650
6975;2437
6976;1811
6977;2785
6978;6294
6979;6062
6980;8378
6981;2709
6982;6688
6983;8905
6984;9080
6985;4413
6986;7230
6987;5413
6988;6340
6989;6662
6990;1966
6991;7404
6992;7705
6993;10216
6994;9011
6995;5008
6996;2663
6997;8969
6998;10258
6999;9337
7000;4981
7001;5741
7002;9550
7003;5963
7004;4706
7005;10137
7006;3297
7007;2435
7008;9991
7009;5521
7010;6325
7011;1823
7012;8351
7013;7793
7014;6259
7015;6752
7016;4332
7017;7349
7018;9135
7019;4664
7020;5380
7021;1969
7022;1853
7023;1056
7024;9301
7025;4853
7026;10874
7027;7760
7028;3796
7029;3502
7030;9507
7031;5777
7032;8582
7033;3313
7034;2937
7035;7841
7036;9392
7037;1109
7038;5411
7039;2257
7040;5907
7041;7066
7042;6773
7043;8609
7044;5989
7045;4875
7046;4208
7047;2656
7048;10621
7049;7680
7050;3545
7051;7601
7052;5150
7053;5379
7054;9164
7055;8449
7056;5397
7057;4197
7058;5246
7059;10687
7060;9668
7061;2740
7062;1695
7063;1462
7064;4614
7065;2135
7066;6949
7067;2728
7068;5418
7069;7482
7070;1132
7071;6067
7072;8539
7073;9701
7074;6280
7075;5701
7076;6418
7077;5084
7078;10925
7079;10290
7080;4932
7081;2732
7082;9836
7083;9573
7084;5485
7085;9803
7086;1443
7087;3883
7088;7633
7089;4164
7090;6780
7091;8428
7092;7862
7093;5719
7094;9440
7095;1151
7096;3991
7097;3059
7098;3151
7099;7425
7100;3552
7101;7280
7102;2261
7103;8831
7104;7998
7105;10387
7106;2347
7107;4180
7108;2862
7109;3465
7110;4313
7111;4193
7112;1621
7113;5749
7114;9399
7115;4944
7116;3672
7117;8776
7118;7788
7119;4095
7120;1271
7121;3106
7122;6061
7123;3305
7124;9839
7125;10120
7126;5604
7127;3148
7128;2636
7129;2332
7130;8662
7131;9164
7132;1624
7133;6196
7134;5548
7135;2978
7136;2662
7137;8328
7138;5543
7139;8919
7140;4718
7141;6917
7142;6004
7143;3678
7144;3641
7145;6068
7146;3090
7147;8046
7148;9674
7149;7941
7150;3424
7151;1666
7152;2856
7153;3731
7154;9695
7155;10498
7156;10679
7157;3202
7158;1257
7159;8406
7160;4197
7161;8512
7162;8873
7163;1207
7164;2927
7165;6851
7166;8419
7167;3962
7168;10775
7169;1630
7170;4369
7171;9346
7172;10821
7173;6696
7174;9031
7175;6990
7176;9850
7177;1210
7178;4657
7179;7383
7180;1616
7181;7542
7182;8364
7183;9433
7184;1945
7185;7920
7186;1682
7187;10705
7188;1317
7189;10397
7190;10479
7191;10161
7192;7758
7193;1611
7194;9585
7195;9346
7196;5579
7197;2843
7198;8319
7199;9431
7200;8605
7201;1690
7202;7587
7203;2119
7204;2048
7205;10458
7206;4781
7207;1633
7208;9749
7209;7074
7210;4949
7211;6949
7212;10940
7213;3164
7214;5496
7215;5507
7216;6413
7217;10744
7218;2759
7219;5734
7220;2370
7221;6328
7222;7796
7223;5431
7224;3077
7225;2501
7226;7103
7227;7476
7228;5711
7229;6040
7230;10533
7231;10696
7232;9299
7233;8047
7234;3417
7235;2111
7236;8908
7237;3600
7238;10504
7239;5663
7240;4078
7241;6641
7242;10083
7243;6689
7244;4841
7245;4126
7246;5184
7247;9897
7248;10193
7249;6888
7250;2060
7251;1290
7252;6162
7253;2524
7254;10989
7255;8379
7256;8616
7257;5391
7258;6947
7259;1473
7260;8763
7261;9084
7262;2359
7263;6629
7264;4292
7265;2142
7266;3458
7267;8099
7268;1852
7269;2990
7270;7819
7271;8759
7272;9618
7273;2525
7274;10598
7275;1158
7276;1055
7277;2056
7278;9537
7279;1907
7280;6132
7281;2309
7282;4300
7283;1389
7284;7212
7285;6519
7286;1982
7287;1926
7288;2965
7289;4817
7290;2100
7291;6957
7292;5136
7293;3461
7294;3986
7295;8456
7296;6179
7297;3169
7298;9143
7299;8790
7300;8879
7301;1345
7302;4170
7303;2687
7304;4634
7305;4855
7306;9277
7307;1448
7308;1857
7309;1988
7310;4568
7311;6403
7312;4194
7313;3720
7314;2020
7315;2462
7316;10444
7317;7466
7318;3662
7319;7839
7320;2649
7321;7285
7322;2111
7323;3294
7324;8058
7325;2470
7326;10297
7327;5148
7328;7912
7329;8000
7330;9425
7331;1632
7332;3762
7333;7776
7334;9487
7335;3588
7336;4209
7337;8652
7338;3583
7339;2176
7340;10010
7341;8628
7342;6377
7343;2462
7344;8647
7345;10991
7346;8966
7347;4518
7348;7964
7349;3903
7350;9904
7351;2394
7352;4533
7353;3931
7354;9808
7355;7825
7356;6022
7357;8752
7358;3756
7359;2714
7360;2243
7361;8616
7362;8531
7363;5446
7364;7074
7365;3689
7366;4493
7367;7421
7368;5607
7369;4068
7370;6540
7371;5510
7372;8440
7373;4997
7374;9813
7375;8968
7376;2973
7377;9953
7378;4504
7379;7405
7380;4212
7381;8335
7382;4910
7383;7663
7384;3595
7385;8836
7386;1639
7387;3504
7388;8763
7389;10805
7390;9754
7391;7745
7392;8799
7393;1227
7394;3983
7395;8799
7396;5712
7397;7609
7398;8105
7399;10733
7400;10452
7401;5359
7402;2326
7403;1012
7404;6480
7405;3231
7406;3281
7407;2947
7408;8622
7409;7208
7410;7133
7411;4877
7412;8207
7413;9863
7414;7133
7415;7530
7416;9904
7417;3980
7418;10876
7419;3360
7420;8615
7421;7424
7422;9353
7423;3021
7424;10045
7425;5195
7426;9464
7427;8927
7428;10113
7429;2970
7430;8192
7431;1267
7432;7913
7433;7502
7434;1535
7435;6587
7436;9601
7437;7949
7438;4188
7439;1693
7440;3815
7441;2885
7442;4191
7443;8212
7444;1278
7445;10999
7446;7723
7447;5868
7448;8401
7449;6733
7450;8224
7451;7796
7452;4321
7453;10222
7454;3324
7455;8881
7456;2377
7457;7017
7458;5039
7459;9575
7460;10075
7461;6240
7462;9342
7463;3021
7464;3844
7465;7501
7466;2897
7467;10974
7468;1823
7469;6196
7470;4493
7471;8704
7472;4587
7473;8418
7474;6090
7475;7204
7476;8812
7477;5354
7478;1675
7479;8755
7480;3697
7481;6253
7482;3904
7483;2680
7484;2936
7485;9750
7486;4322
7487;3456
7488;8029
7489;4629
7490;1715
7491;5502
7492;9449
7493;5559
7494;4780
7495;6396
7496;7161
7497;6186
7498;4325
7499;5203
7500;10960
7501;8647
7502;1316
7503;5810
7504;10642
7505;3063
7506;7447
7507;4457
7508;2882
7509;8672
7510;8837
7511;7294
7512;3193
7513;8510
7514;10594
7515;5446
7516;7851
7517;2481
7518;6124
7519;4556
7520;2998
7521;3681
7522;5926
7523;10158
7524;5773
7525;9802
7526;5964
7527;8108
7528;2475
7529;9986
7530;9307
7531;1838
7532;5495
7533;7617
7534;8245
7535;4626
7536;2337
7537;1010
7538;7864
7539;5431
7540;5063
7541;8183
7542;10562
7543;10582
7544;5185
7545;4198
7546;2947
7547;6036
7548;3036
7549;4784
7550;7344
7551;5164
7552;1787
7553;8203
7554;5787
7555;1693
7556;8824
7557;4401
7558;5229
7559;5321
7560;3322
7561;3687
7562;9861
7563;8803
7564;5245
7565;10738
7566;8948
7567;1310
7568;3232
7569;9245
7570;4773
7571;8434
7572;5073
7573;1028
7574;10618
7575;1626
7576;2186
7577;10898
7578;10641
7579;3719
7580;3992
7581;8723
7582;9626
7583;1011
7584;6028
7585;8359
7586;4228
7587;5119
7588;8880
7589;6709
7590;6090
7591;1917
7592;4901
7593;3328
7594;10588
7595;5210
7596;3551
7597;8356
7598;2756
7599;7386
7600;9303
7601;10119
7602;7765
7603;8119
7604;5761
7605;2917
7606;6521
7607;3709
7608;3979
7609;8057
7610;4599
7611;4899
7612;2916
7613;4156
7614;6026
7615;2088
7616;6826
7617;10302
7618;7081
7619;1738
7620;3330
7621;5587
7622;5339
7623;9090
7624;6458
7625;4144
7626;6021
7627;10426
7628;4883
7629;2631
7630;2143
7631;5619
7632;2513
7633;9845
7634;9583
7635;4515
7636;3012
7637;9700
7638;6500
7639;1618
7640;5781
7641;9249
7642;1331
7643;7170
7644;5617
7645;2231
7646;10831
7647;5444
7648;6300
7649;9720
7650;1805
7651;8562
7652;2021
7653;2242
7654;3498
7655;7110
7656;1541
7657;2782
7658;6711
7659;5234
7660;3905
7661;8865
7662;9162
7663;8521
7664;1372
7665;1583
7666;1673
7667;9227
7668;6836
7669;4567
7670;9148
7671;2593
7672;5055
7673;8548
7674;5328
7675;2835
7676;9850
7677;1556
7678;2786
7679;8715
7680;1401
7681;1579
7682;5821
7683;7100
7684;2790
7685;3839
7686;1778
7687;10930
7688;4508
7689;1514
7690;3319
7691;4570
7692;4547
7693;3346
7694;10699
7695;9653
7696;6572
7697;8981
7698;10455
7699;10612
7700;1852
7701;8085
7702;4132
7703;1369
7704;7280
7705;4435
7706;1139
7707;9922
7708;3334
7709;6138
7710;6265
7711;5784
7712;10562
7713;8552
7714;10821
7715;10168
7716;10189
7717;8262
7718;3068
7719;5418
7720;2355
7721;1553
7722;6347
7723;6062
7724;4642
7725;3522
7726;2788
7727;7784
7728;3413
7729;5556
7730;3699
7731;2116
7732;4925
7733;1649
7734;1803
7735;2041
7736;1757
7737;1983
7738;4143
7739;9879
7740;5841
7741;1401
7742;5224
7743;6912
7744;8511
7745;10228
7746;5737
7747;4923
7748;7709
7749;8979
7750;1669
7751;8944
7752;5837
7753;9263
7754;4174
7755;7675
7756;3240
7757;8945
7758;9624
7759;7896
7760;8217
7761;4797
7762;3190
7763;2320
7764;2868
7765;2250
7766;7003
7767;3625
7768;5357
7769;1927
7770;9376
7771;10368
7772;8769
7773;4665
7774;9308
7775;3648
7776;6477
7777;2255
7778;10619
7779;10037
7780;6096
7781;7426
7782;7292
7783;10402
7784;9880
7785;8094
7786;5886
7787;5051
7788;6026
7789;3064
7790;3545
7791;2883
7792;7034
7793;10530
7794;7038
7795;5687
7796;8629
7797;4838
7798;6094
7799;10780
7800;2799
7801;3028
7802;3935
7803;10483
7804;3143
7805;8724
7806;10997
7807;2801
7808;5753
7809;9633
7810;2749
7811;9569
7812;9276
7813;1260
7814;7541
7815;4445
7816;3203
7817;3522
7818;8936
7819;7143
7820;10711
7821;6990
7822;3794
7823;1216
7824;6715
7825;7740
7826;8976
7827;9785
7828;7760
7829;3958
7830;8263
7831;8328
7832;9419
7833;10450
7834;8988
7835;1625
7836;9283
7837;7263
7838;10566
7839;4592
7840;1979
7841;5172
7842;2077
7843;9315
7844;2630
7845;7366
7846;10879
7847;6776
7848;2461
7849;1865
7850;8063
7851;10023
7852;5741
7853;1483
7854;8531
7855;7982
7856;8425
7857;4447
7858;1387
7859;1073
7860;8092
7861;2866
7862;2643
7863;9208
7864;8467
7865;10189
7866;3645
7867;4751
7868;8894
7869;2854
7870;2969
7871;6359
7872;5522
7873;4288
7874;2396
7875;5721
7876;10135
7877;4418
7878;8034
7879;9398
7880;5986
7881;8817
7882;8217
7883;4570
7884;9521
7885;4132
7886;1393
7887;1423
7888;2406
7889;5550
7890;1374
7891;1970
7892;2933
7893;1362
7894;4890
7895;7127
7896;4900
7897;6724
7898;1326
7899;3006
7900;2737
7901;7483
7902;10372
7903;10282
7904;2911
7905;3316
7906;1854
7907;7801
7908;2839
7909;8874
7910;3672
7911;9849
7912;6295
7913;9931
7914;1434
7915;10537
7916;4568
7917;10398
7918;1603
7919;8907
7920;8235
7921;4108
7922;8119
7923;9127
7924;10771
7925;8820
7926;8846
7927;4319
7928;4406
7929;1634
7930;3291
7931;2178
7932;2701
7933;9059
7934;10623
7935;1694
7936;9414
7937;7464
7938;5759
7939;6849
7940;9572
7941;7600
7942;10935
7943;6488
7944;10876
7945;1291
7946;7064
7947;1502
7948;5404
7949;9031
7950;6990
7951;2488
7952;6726
7953;3490
7954;7518
7955;6140
7956;5227
7957;8998
7958;3254
7959;3315
7960;10545
7961;7428
7962;5993
7963;5586
7964;4117
7965;5333
7966;6211
7967;3429
7968;1808
7969;5282
7970;4636
7971;2718
7972;10172
7973;10761
7974;4966
7975;5883
7976;7835
7977;2779
7978;2192
7979;9470
7980;7189
7981;3616
7982;5311
7983;10489
7984;2310
7985;4583
7986;1512
7987;4203
7988;6724
7989;4232
7990;3804
7991;7440
7992;10055
7993;7598
7994;2894
7995;4238
7996;8061
7997;2554
7998;3519
7999;1025
8000;4785
8001;3564
8002;2057
8003;8400
8004;3544
8005;2437
8006;9474
8007;3305
8008;10773
8009;5606
8010;1189
8011;4187
8012;10653
8013;7129
8014;2626
8015;8421
8016;4255
8017;7440
8018;7924
8019;4987
8020;7995
8021;2350
8022;5624
8023;6753
8024;6203
8025;4166
8026;7012
8027;3135
8028;8549
8029;3376
8030;1706
8031;5315
8032;9314
8033;10423
8034;8129
8035;5177
8036;9441
8037;7711
8038;5117
8039;4018
8040;7656
8041;7868
8042;5631
8043;3979
8044;5714
8045;2870
8046;9814
8047;2962
8048;3282
8049;5739
8050;3761
8051;5503
8052;1537
8053;5112
8054;6932
8055;6996
8056;1031
8057;2998
8058;3336
8059;6011
8060;10670
8061;6131
8062;5770
8063;8928
8064;6441
8065;3939
8066;8372
8067;3929
8068;6423
8069;10302
8070;5331
8071;3287
8072;6768
8073;2333
8074;1465
8075;5297
8076;6341
8077;10881
8078;2149
8079;5398
8080;10488
8081;6555
8082;5445
8083;8781
8084;7334
8085;1635
8086;1725
8087;10830
8088;10414
8089;2083
8090;1535
8091;8917
8092;5384
8093;6133
8094;1805
8095;10938
8096;4779
8097;5536
8098;6837
8099;7021
8100;3837
8101;5352
8102;7813
8103;6113
8104;2318
8105;8602
8106;6617
8107;1485
8108;6934
8109;2103
8110;3947
8111;1694
8112;8730
8113;10748
8114;1805
8115;4699
8116;8449
8117;10397
8118;2104
8119;5174
8120;1345
8121;10654
8122;6679
8123;8509
8124;2777
8125;6064
8126;4183
8127;2249
8128;8903
8129;8934
8130;7781
8131;2029
8132;4269
8133;1497
8134;7760
8135;10904
8136;5645
8137;3420
8138;5617
8139;5784
8140;10343
8141;5052
8142;8470
8143;7886
8144;4286
8145;10552
8146;7303
8147;7086
8148;6037
8149;10149
8150;1583
8151;2095
8152;1585
8153;8256
8154;7227
8155;2773
8156;5215
8157;9365
8158;8098
8159;8531
8160;6657
8161;7138
8162;1408
8163;7075
8164;5908
8165;5607
8166;10583
8167;6984
8168;8030
8169;6786
8170;2934
8171;2171
8172;8401
8173;10454
8174;9287
8175;4545
8176;10307
8177;1989
8178;9817
8179;7154
8180;6254
8181;9161
8182;3806
8183;2290
8184;8186
8185;7925
8186;4859
8187;5597
8188;5635
8189;9836
8190;5437
8191;6832
8192;10830
8193;3338
8194;8959
8195;5911
8196;7823
8197;6412
8198;4125
8199;6232
8200;8534
8201;9861
8202;2195
8203;1084
8204;7001
8205;1213
8206;6784
8207;4118
8208;6283
8209;7990
8210;7835
8211;9840
8212;5057
8213;8364
8214;5095
8215;1071
8216;6663
8217;6110
8218;10855
8219;2515
8220;9311
8221;10766
8222;3403
8223;4503
8224;3474
8225;8904
8226;5322
8227;4332
8228;1926
8229;1967
8230;5846
8231;2650
8232;6556
8233;3924
8234;7119
8235;9777
8236;6919
8237;5430
8238;7081
8239;9390
8240;6426
8241;4072
8242;5106
8243;4882
8244;1150
8245;2486
8246;1371
8247;4620
8248;3178
8249;6791
8250;1094
8251;1165
8252;3332
8253;10672
8254;9527
8255;8920
8256;10278
8257;5850
8258;4999
8259;6988
8260;7317
8261;10377
8262;10753
8263;5180
8264;9968
8265;6388
8266;3043
8267;5613
8268;6025
8269;6260
8270;1603
8271;3087
8272;2795
8273;4406
8274;9937
8275;4587
8276;9795
8277;4852
8278;4925
8279;4297
8280;2995
8281;7621
8282;1767
8283;8636
8284;5891
8285;10395
8286;5348
8287;6251
8288;7925
8289;2388
8290;9950
8291;9995
8292;7140
8293;4554
8294;8753
8295;6593
8296;7484
8297;6050
8298;5560
8299;2285
8300;5143
8301;5733
8302;10886
8303;10143
8304;8680
8305;2639
8306;8969
8307;4533
8308;5777
8309;8535
8310;3985
8311;8864
8312;8930
8313;10429
8314;1289
8315;8422
8316;3412
8317;10998
8318;1595
8319;3567
8320;3041
8321;5638
8322;7929
8323;1225
8324;9764
8325;9482
8326;7355
8327;3740
8328;10703
8329;5398
8330;9256
8331;3039
8332;4386
8333;2617
8334;2389
8335;5934
8336;7986
8337;3298
8338;2952
8339;8325
8340;9215
8341;3258
8342;10992
8343;8958
8344;4933
8345;5615
8346;1971
8347;4560
8348;9319
8349;3370
8350;7579
8351;6082
8352;10561
8353;8501
8354;8430
8355;5906
8356;10032
8357;2937
8358;8974
8359;2666
8360;7777
8361;5403
8362;1838
8363;2080
8364;7033
8365;9927
8366;1993
8367;5387
8368;8449
8369;6096
8370;4218
8371;7640
8372;9040
8373;1518
8374;4662
8375;6876
8376;3102
8377;1678
8378;6999
8379;3207
8380;9747
8381;3404
8382;9577
8383;7485
8384;6112
8385;10120
8386;6065
8387;9054
8388;7101
8389;2924
8390;6043
8391;10560
8392;9806
8393;7109
8394;8312
8395;2997
8396;4466
8397;4831
8398;10789
8399;10277
8400;7756
8401;2187
8402;7967
8403;3777
8404;8377
8405;8136
8406;4911
8407;1950
8408;1653
8409;7697
8410;1079
8411;5927
8412;7157
8413;8194
8414;5854
8415;3263
8416;3931
8417;8749
8418;3940
8419;10373
8420;3226
8421;9469
8422;6114
8423;8257
8424;7438
8425;6736
8426;6018
8427;1348
8428;8899
8429;6361
8430;5342
8431;6503
8432;3569
8433;2425
8434;4513
8435;7964
8436;8347
8437;7639
8438;1514
8439;2276
8440;4318
8441;7585
8442;4455
8443;6897
8444;2472
8445;8290
8446;2465
8447;1377
8448;7373
8449;8944
8450;5930
8451;3027
8452;6499
8453;6361
8454;9973
8455;6972
8456;5006
8457;6078
8458;4098
8459;8983
8460;4194
8461;10682
8462;7697
8463;6585
8464;10254
8465;3744
8466;1535
8467;8794
8468;9325
8469;4141
8470;9051
8471;3349
8472;7447
8473;8568
8474;2976
8475;6715
8476;6006
8477;1915
8478;6345
8479;2501
8480;4006
8481;1317
8482;3290
8483;9445
8484;8611
8485;8074
8486;10537
8487;7155
8488;9194
8489;1861
8490;8145
8491;8583
8492;8660
8493;6303
8494;4680
8495;7269
8496;1092
8497;2576
8498;8289
8499;4867
8500;3065
8501;6579
8502;1817
8503;7630
8504;4684
8505;3972
8506;7429
8507;8223
8508;7623
8509;3398
8510;3537
8511;1736
8512;1280
8513;3945
8514;5424
8515;7147
8516;8575
8517;3785
8518;2759
8519;6295
8520;7939
8521;10563
8522;4091
8523;7483
8524;8509
8525;4261
8526;7610
8527;4170
8528;3752
8529;5577
8530;10419
8531;10211
8532;9674
8533;4627
8534;7473
8535;1373
8536;8599
8537;5163
8538;4097
8539;3093
8540;6691
8541;7711
8542;6836
8543;9323
8544;2432
8545;6725
8546;2222
8547;5908
8548;5237
8549;1019
8550;5053
8551;9281
8552;8486
8553;2565
8554;8349
8555;10450
8556;1047
8557;5971
8558;6747
8559;7024
8560;9475
8561;10602
8562;10731
8563;8881
8564;10785
8565;10220
8566;4800
8567;7266
8568;8549
8569;3912
8570;10445
8571;2164
8572;3782
8573;8365
8574;10497
8575;1074
8576;7858
8577;8459
8578;9201
8579;2722
8580;4804
8581;9692
8582;2870
8583;3967
8584;3609
8585;10897
8586;1982
8587;1564
8588;4975
8589;7061
8590;9766
8591;5646
8592;2823
8593;8127
8594;9707
8595;2794
8596;8480
8597;9344
8598;4919
8599;4414
8600;3739
8601;3911
8602;7183
8603;3504
8604;8605
8605;1691
8606;8067
8607;2677
8608;3472
8609;1970
8610;3282
8611;1380
8612;3676
8613;8570
8614;4732
8615;1062
8616;5000
8617;6691
8618;5752
8619;2027
8620;3598
8621;5306
8622;3151
8623;10943
8624;5714
8625;9317
8626;10833
8627;6262
8628;10972
8629;3269
8630;6018
8631;6965
8632;4871
8633;8746
8634;3427
8635;4069
8636;9025
8637;10846
8638;8961
8639;7006
8640;8873
8641;6315
8642;1922
8643;8399
8644;1802
8645;3566
8646;5863
8647;5242
8648;9316
8649;4313
8650;8085
8651;3680
8652;3203
8653;1553
8654;1072
8655;7940
8656;3631
8657;2930
8658;2060
8659;9007
8660;4392
8661;6629
8662;6324
8663;1432
8664;6139
8665;5830
8666;1348
8667;8710
8668;8393
8669;4437
8670;5995
8671;9631
8672;9053
8673;2728
8674;8547
8675;4251
8676;7670
8677;7131
8678;5455
8679;6578
8680;5074
8681;9422
8682;6562
8683;5414
8684;1501
8685;6466
8686;8670
8687;4724
8688;1894
8689;1316
8690;7840
8691;7657
8692;2096
8693;2352
8694;7201
8695;1792
8696;2585
8697;9586
8698;9590
8699;6265
8700;10047
8701;9934
8702;1422
8703;10716
8704;8128
8705;2558
8706;2134
8707;6340
8708;3125
8709;10444
8710;6920
8711;6162
8712;8581
8713;8504
8714;9791
8715;1409
8716;3311
8717;8808
8718;8106
8719;9542
8720;7866
8721;2478
8722;6637
8723;1733
8724;1060
8725;5328
8726;1537
8727;4884
8728;9789
8729;7659
8730;2591
8731;10932
8732;1630
8733;10135
8734;2492
8735;5342
8736;4427
8737;9592
8738;4295
8739;7936
8740;3290
8741;9822
8742;4002
8743;3530
8744;6873
8745;6252
8746;9153
8747;2240
8748;9686
8749;3586
8750;5297
8751;9581
8752;5280
8753;6780
8754;8494
8755;2380
8756;10662
8757;1172
8758;10753
8759;5674
8760;3757
8761;7809
8762;8179
8763;4213
8764;8937
8765;2362
8766;7993
8767;7139
8768;1912
8769;1546
8770;1325
8771;10342
8772;2570
8773;2536
8774;7699
8775;3161
8776;4610
8777;1430
8778;8106
8779;10220
8780;10587
8781;10190
8782;1566
8783;10436
8784;3832
8785;1277
8786;2504
8787;4360
8788;7664
8789;1720
8790;1915
8791;10112
8792;4229
8793;6460
8794;4170
8795;7542
8796;10631
8797;7562
8798;5030
8799;4699
8800;5908
8801;5404
8802;3566
8803;4839
8804;9832
8805;9917
8806;4164
8807;3228
8808;5456
8809;4400
8810;1125
8811;8869
8812;1054
8813;8344
8814;10566
8815;10391
8816;4040
8817;5876
8818;7886
8819;6651
8820;5550
8821;5886
8822;8749
8823;8827
8824;10084
8825;7533
8826;8427
8827;4103
8828;5784
8829;9685
8830;5647
8831;2780
8832;5805
8833;2735
8834;8651
8835;6138
8836;6636
8837;1011
8838;4468
8839;5593
8840;2347
8841;9128
8842;9921
8843;4915
8844;5856
8845;5514
8846;9069
8847;4866
8848;9922
8849;2031
8850;1670
8851;10852
8852;1844
8853;8553
8854;3891
8855;5550
8856;3354
8857;9790
8858;6018
8859;3215
8860;4107
8861;8836
8862;6988
8863;10419
8864;4622
8865;1763
8866;9074
8867;10224
8868;3721
8869;4925
8870;8941
8871;2955
8872;9940
8873;6131
8874;2526
8875;1583
8876;8210
8877;8202
8878;7409
8879;6619
8880;10021
8881;7315
8882;2947
8883;2284
8884;4015
8885;2725
8886;4947
8887;7839
8888;10283
8889;8275
8890;9959
8891;9911
8892;2176
8893;7153
8894;8124
8895;5726
8896;5429
8897;8938
8898;7419
8899;3693
8900;7992
8901;9439
8902;4069
8903;3487
8904;3231
8905;2540
8906;5751
8907;2317
8908;1293
8909;8580
8910;3570
8911;8164
8912;2526
8913;1603
8914;6832
8915;9631
8916;5686
8917;4474
8918;3854
8919;5781
8920;2770
8921;1325
8922;3366
8923;3310
8924;5674
8925;8259
8926;7589
8927;10563
8928;7313
8929;5737
8930;2027
8931;3272
8932;1836
8933;9772
8934;8370
8935;7175
8936;1992
8937;9318
8938;9892
8939;8787
8940;1456
8941;5820
8942;5470
8943;10609
8944;4901
8945;2913
8946;2315
8947;7588
8948;4427
8949;9710
8950;2985
8951;9857
8952;10733
8953;8471
8954;5250
8955;2976
8956;9017
8957;7064
8958;10670
8959;3228
8960;7862
8961;6892
8962;7555
8963;10903
8964;7136
8965;8362
8966;6277
8967;10817
8968;2636
8969;2809
8970;2764
8971;7592
8972;6608
8973;8753
8974;8332
8975;9083
8976;7661
8977;1777
8978;4649
8979;10847
8980;8707
8981;5864
8982;9677
8983;7906
8984;10709
8985;7558
8986;10400
8987;7289
8988;1116
8989;10505
8990;4952
8991;1781
8992;7057
8993;10439
8994;3591
8995;3144
8996;2592
8997;6669
8998;7979
8999;5726
9000;9235
9001;2882
9002;1979
9003;8927
9004;6914
9005;10816
9006;9339
9007;4072
9008;4847
9009;8648
9010;10940
9011;5196
9012;8731
9013;2017
9014;7281
9015;9967
9016;5389
9017;8489
9018;7388
9019;2251
9020;7177
9021;8828
9022;8983
9023;7134
9024;1017
9025;8610
9026;1524
9027;5694
9028;7134
9029;2361
9030;10150
9031;6512
9032;10056
9033;1025
9034;9631
9035;1141
9036;3748
9037;10192
9038;3459
9039;2636
9040;6336
9041;1198
9042;4396
9043;5564
9044;3146
9045;5644
9046;9685
9047;5236
9048;3962
9049;2290
9050;8120
9051;9037
9052;9308
9053;4672
9054;4408
9055;7226
9056;6330
9057;5739
9058;5157
9059;6140
9060;7266
9061;2605
9062;9010
9063;5218
9064;6000
9065;6959
9066;8733
9067;2010
9068;4546
9069;2262
9070;2569
9071;7038
9072;10245
9073;7015
9074;10449
9075;7442
9076;3736
9077;1486
9078;5421
9079;10790
9080;9915
9081;6325
9082;7892
9083;3306
9084;3580
9085;1459
9086;3327
9087;5031
9088;5216
9089;5130
9090;10208
9091;4096
9092;2337
9093;2857
9094;3073
9095;3268
9096;3726
9097;7546
9098;9401
9099;1825
9100;5517
9101;10680
9102;4045
9103;2177
9104;2930
9105;7190
9106;7082
9107;3487
9108;2918
9109;4990
9110;2506
9111;1997
9112;3769
9113;5270
9114;7998
9115;1133
9116;8940
9117;3992
9118;4447
9119;5461
9120;10130
9121;3168
9122;7432
9123;8484
9124;10092
9125;3299
9126;2019
9127;4922
9128;3704
9129;6972
9130;5331
9131;5216
9132;10465
9133;1101
9134;9859
9135;7049
9136;5145
9137;7136
9138;2488
9139;8983
9140;1933
9141;4214
9142;2786
9143;6820
9144;3301
9145;10850
9146;2889
9147;4418
9148;8862
9149;1835
9150;7689
9151;3629
9152;9243
9153;10713
9154;6348
9155;2824
9156;8772
9157;2884
9158;1503
9159;2089
9160;8711
9161;4091
9162;1371
9163;2823
9164;3045
9165;4350
9166;8035
9167;7748
9168;8329
9169;2181
9170;10314
9171;1313
9172;9066
9173;4615
9174;10084
9175;5505
9176;6931
9177;8389
9178;1128
9179;9596
9180;4883
9181;10867
9182;8275
9183;9853
9184;5040
9185;5537
9186;10755
9187;1273
9188;1611
9189;8627
9190;8501
9191;10420
9192;5217
9193;9525
9194;2408
9195;9564
9196;9401
9197;6446
9198;7390
9199;10854
9200;10659
9201;7120
9202;7730
9203;8180
9204;1105
9205;2113
9206;3164
9207;3320
9208;2956
9209;2596
9210;6968
9211;5214
9212;10305
9213;6761
9214;4349
9215;9026
9216;1500
9217;10097
9218;2337
9219;1626
9220;6079
9221;3039
9222;2286
9223;4365
9224;9594
9225;2836
9226;1471
9227;8412
9228;6683
9229;8345
9230;1184
9231;2500
9232;5352
9233;4897
9234;4158
9235;1516
9236;6308
9237;3915
9238;4447
9239;1758
9240;3356
9241;10840
9242;8453
9243;2827
9244;5282
9245;5764
9246;5704
9247;6655
9248;6996
9249;2004
9250;8167
9251;9911
9252;9605
9253;1802
9254;6105
9255;2740
9256;5650
9257;10060
9258;4026
9259;5472
9260;2358
9261;6150
9262;9853
9263;6297
9264;4394
9265;6913
9266;2662
9267;1846
9268;1287
9269;3281
9270;4931
9271;1455
9272;3280
9273;10776
9274;5382
9275;2283
9276;3381
9277;10371
9278;10787
9279;6514
9280;1322
9281;6686
9282;4990
9283;8974
9284;8100
9285;8920
9286;10111
9287;5139
9288;9192
9289;6014
9290;10617
9291;8340
9292;8386
9293;2459
9294;8129
9295;3710
9296;10610
9297;2357
9298;9582
9299;9377
9300;3309
9301;10373
9302;4849
9303;3019
9304;4928
9305;2172
9306;1376
9307;5187
9308;9070
9309;8075
9310;8635
9311;8131
9312;2361
9313;9398
9314;2795
9315;3044
9316;5027
9317;3492
9318;1881
9319;5376
9320;7319
9321;6240
9322;10305
9323;9699
9324;5212
9325;6919
9326;1602
9327;6859
9328;10635
9329;5401
9330;2569
9331;8107
9332;2423
9333;5625
9334;6587
9335;1703
9336;10453
9337;3839
9338;4277
9339;2546
9340;6623
9341;1373
9342;9818
9343;5013
9344;9108
9345;9873
9346;4492
9347;5912
9348;5476
9349;9631
9350;1826
9351;4401
9352;1889
9353;1064
9354;2454
9355;3703
9356;10133
9357;10128
9358;10589
9359;8423
9360;9231
9361;5418
9362;1506
9363;6420
9364;8516
9365;8740
9366;5169
9367;6303
9368;6058
9369;2969
9370;6168
9371;7626
9372;4591
9373;9023
9374;9433
9375;8303
9376;10435
9377;3827
9378;8128
9379;6588
9380;1346
9381;9657
9382;7156
9383;8403
9384;4163
9385;3990
9386;6052
9387;5297
9388;3550
9389;5350
9390;5991
9391;1231
9392;9555
9393;3524
9394;2304
9395;5827
9396;10883
9397;5860
9398;5396
9399;2058
9400;9275
9401;8747
9402;6676
9403;1710
9404;5069
9405;5196
9406;7784
9407;1821
9408;10248
9409;8357
9410;9061
9411;9327
9412;1988
9413;10312
9414;3452
9415;8077
9416;3751
9417;9493
9418;4373
9419;8319
9420;7948
9421;4149
9422;9467
9423;9954
9424;10258
9425;1799
9426;6538
9427;7916
9428;6564
9429;8069
9430;7783
9431;1122
9432;6403
9433;9973
9434;6783
9435;1876
9436;3560
9437;3458
9438;3506
9439;3653
9440;8638
9441;5070
9442;7539
9443;9493
9444;8546
9445;1008
9446;6420
9447;7228
9448;2951
9449;5329
9450;6600
9451;9270
9452;8077
9453;4179
9454;4366
9455;3849
9456;4792
9457;2682
9458;10082
9459;4060
9460;7545
9461;4006
9462;6317
9463;5583
9464;9751
9465;8451
9466;8249
9467;10144
9468;1069
9469;7566
9470;9456
9471;10284
9472;10010
9473;7404
9474;5829
9475;4778
9476;6035
9477;5684
9478;5580
9479;2261
9480;8797
9481;1322
9482;5621
9483;6960
9484;9459
9485;6654
9486;4484
9487;1008
9488;1430
9489;5902
9490;3898
9491;6026
9492;10350
9493;6659
9494;8645
9495;8035
9496;6016
9497;10379
9498;8351
9499;5556
9500;1088
9501;10814
9502;8771
9503;1197
9504;6215
9505;3343
9506;7056
9507;7141
9508;1519
9509;5586
9510;1275
9511;9622
9512;5750
9513;3136
9514;8764
9515;10941
9516;6474
9517;7690
9518;4725
9519;4262
9520;1487
9521;3964
9522;10210
9523;2558
9524;7820
9525;2239
9526;3565
9527;1347
9528;3146
9529;9476
9530;10355
9531;6296
9532;3953
9533;1076
9534;10667
9535;6168
9536;4943
9537;4318
9538;5905
9539;7178
9540;7489
9541;10747
9542;10958
9543;1233
9544;4198
9545;10812
9546;3410
9547;3601
9548;8156
9549;4254
9550;1616
9551;1137
9552;3105
9553;10197
9554;10386
9555;1328
9556;7007
9557;1110
9558;3008
9559;5528
9560;2695
9561;3378
9562;2197
9563;3433
9564;7151
9565;4283
9566;10869
9567;5780
9568;6337
9569;5160
9570;7749
9571;3962
9572;10363
9573;1210
9574;8852
9575;3256
9576;7814
9577;2158
9578;8386
9579;10225
9580;6411
9581;1033
9582;4465
9583;9183
9584;6169
9585;7612
9586;10670
9587;10315
9588;8999
9589;9245
9590;2819
9591;8880
9592;5765
9593;10479
9594;10177
9595;7374
9596;2039
9597;4230
9598;6232
9599;10608
9600;7513
9601;9267
9602;10505
9603;7106
9604;1177
9605;10461
9606;6655
9607;6396
9608;6454
9609;2006
9610;9725
9611;4773
9612;1903
9613;10012
9614;9998
9615;4576
9616;3470
9617;6581
9618;4230
9619;2724
9620;7382
9621;3309
9622;4105
9623;5747
9624;3535
9625;7976
9626;1132
9627;1904
9628;3176
9629;5267
9630;4365
9631;5563
9632;6363
9633;5294
9634;5741
9635;2598
9636;1656
9637;10853
9638;3064
9639;2030
9640;8236
9641;6727
9642;2772
9643;6911
9644;5878
9645;4349
9646;4060
9647;8171
9648;3363
9649;10984
9650;8829
9651;4124
9652;5452
9653;6773
9654;4271
9655;10410
9656;3461
9657;9910
9658;9457
9659;4758
9660;6122
9661;1315
9662;3181
9663;4978
9664;3124
9665;3096
9666;4503
9667;8923
9668;1660
9669;9927
9670;10194
9671;2205
9672;9966
9673;10859
9674;8796
9675;5243
9676;1771
9677;10492
9678;5296
9679;1308
9680;6684
9681;9979
9682;6416
9683;4885
9684;5655
9685;5811
9686;2222
9687;2526
9688;10800
9689;7676
9690;10480
9691;6560
9692;2223
9693;7380
9694;2650
9695;2965
9696;10885
9697;2977
9698;1270
9699;1726
9700;7301
9701;6955
9702;7511
9703;6459
9704;6949
9705;4088
9706;10077
9707;6837
9708;2448
9709;2706
9710;6614
9711;9480
9712;5035
9713;7251
9714;6662
9715;4262
9716;7605
9717;10840
9718;4522
9719;5715
9720;1827
9721;2755
9722;6058
9723;10679
9724;9766
9725;5387
9726;7354
9727;7477
9728;7356
9729;5710
9730;2433
9731;7651
9732;7222
9733;4195
9734;3618
9735;6772
9736;6500
9737;4347
9738;3888
9739;2600
9740;4008
9741;1613
9742;3423
9743;3139
9744;7260
9745;5288
9746;1959
9747;8051
9748;3625
9749;9150
9750;8221
9751;9635
9752;5163
9753;9768
9754;6826
9755;1952
9756;2517
9757;5175
9758;5394
9759;3093
9760;7182
9761;2411
9762;4890
9763;8124
9764;8268
9765;1568
9766;6215
9767;9110
9768;5401
9769;3495
9770;4228
9771;1289
9772;9258
9773;1287
9774;1953
9775;2638
9776;3718
9777;1464
9778;5392
9779;10386
9780;9740
9781;7096
9782;2809
9783;1550
9784;7312
9785;8960
9786;6864
9787;7648
9788;8093
9789;1425
9790;1434
9791;9862
9792;9174
9793;1594
9794;9008
9795;5430
9796;4049
9797;4945
9798;10567
9799;2434
9800;6026
9801;4743
9802;2940
9803;6918
9804;2142
9805;10476
9806;10445
9807;9438
9808;9247
9809;10397
9810;7761
9811;1021
9812;6756
9813;8638
9814;8257
9815;9673
9816;8812
9817;3858
9818;2801
9819;2340
9820;2835
9821;4940
9822;7995
9823;1660
9824;5265
9825;10426
9826;4772
9827;5482
9828;7034
9829;3728
9830;1954
9831;9739
9832;6897
9833;3315
9834;4975
9835;9654
9836;10450
9837;7928
9838;9948
9839;6282
9840;4333
9841;1212
9842;5908
9843;3781
9844;3984
9845;10363
9846;9671
9847;2289
9848;1274
9849;3260
9850;3612
9851;6426
9852;4144
9853;9187
9854;2690
9855;9791
9856;7510
9857;5876
9858;9565
9859;3107
9860;9428
9861;7029
9862;5718
9863;10288
9864;6864
9865;9478
9866;1159
9867;3519
9868;1683
9869;8956
9870;3575
9871;1817
9872;4157
9873;3838
9874;2690
9875;1102
9876;2649
9877;5710
9878;7051
9879;8479
9880;7606
9881;3484
9882;6893
9883;7199
9884;10943
9885;9415
9886;8886
9887;9472
9888;5119
9889;3354
9890;8593
9891;5415
9892;2919
9893;4251
9894;7615
9895;4496
9896;10930
9897;10476
9898;3608
9899;7324
9900;6866
9901;8201
9902;3289
9903;6271
9904;8171
9905;3571
9906;8291
9907;3379
9908;10917
9909;4497
9910;5768
9911;7776
9912;9865
9913;2087
9914;3029
9915;5872
9916;9557
9917;6767
9918;2439
9919;2216
9920;10196
9921;10880
9922;2397
9923;6974
9924;2638
9925;10175
9926;8243
9927;8780
9928;9700
9929;5106
9930;6342
9931;2591
9932;8815
9933;4385
9934;10356
9935;5915
9936;3508
9937;4882
9938;10372
9939;1935
9940;3802
9941;5550
9942;7095
9943;5249
9944;8336
9945;10868
9946;9989
9947;7327
9948;3531
9949;3191
9950;3355
9951;9012
9952;7581
9953;10861
9954;10166
9955;8880
9956;2233
9957;8434
9958;9708
9959;6133
9960;3490
9961;8228
9962;5081
9963;9305
9964;4936
9965;4085
9966;6761
9967;4106
9968;3686
9969;1797
9970;1597
9971;7641
9972;7572
9973;5662
9974;1837
9975;9823
9976;1852
9977;8732
9978;9602
9979;9169
9980;6031
9981;1832
9982;3625
9983;9478
9984;5010
9985;8765
9986;5194
9987;8729
9988;1653
9989;5851
9990;10703
9991;7653
9992;3983
9993;9721
9994;4302
9995;3957
9996;7881
9997;7705
9998;9866
9999;1725
10000;8011
